,00:00,01:00,02:00,03:00,04:00,05:00,06:00,07:00,08:00,09:00,10:00,11:00,12:00,13:00,14:00,15:00,16:00,17:00,18:00,19:00,20:00,21:00,22:00,23:00
2012-01-01,54.94°,54.43°,53.18°,53.07°,54.4°,53.65°,49.61°,51.41°,53.48°,64.37°,70.15°,76.19°,80.42°,83.4°,82.93°,82.77°,77.74°,69.82°,67.15°,62.62°,60.69°,59.38°,57.81°,56.35°
2012-01-02,55.3°,54.14°,52.91°,51.95°,51.08°,51.87°,51.44°,53.29°,52.85°,60.21°,69.27°,75.66°,75.99°,79.91°,83.99°,81.37°,79.61°,71.92°,66.74°,62.32°,60.71°,61.21°,61.28°,60.63°
2012-01-03,58.33°,56.59°,55.02°,55.52°,53.44°,53.62°,54.06°,55.06°,58.12°,64.61°,70.83°,76.66°,81.51°,83.75°,84.47°,82.23°,79.27°,73.63°,68.61°,65.03°,62.78°,61.93°,59.81°,58.56°
2012-01-04,57.7°,56.93°,58.4°,57.61°,57.48°,56.61°,54.39°,55.97°,57.97°,66.71°,73.49°,79.12°,82.87°,85.33°,87.29°,86.93°,80.94°,75.99°,71.78°,68.03°,64.95°,63.6°,62.96°,64.19°
2012-01-05,61.6°,61.83°,62.38°,61.6°,60.68°,59.06°,58.68°,57.54°,60.18°,66.96°,73.37°,78.43°,82.09°,84.97°,84.61°,84.21°,78.8°,73.51°,69.13°,65.38°,63.19°,62.08°,60.45°,59.04°
2012-01-06,58.12°,56.78°,55.54°,53.87°,53.29°,52.57°,51.46°,51.34°,54.02°,60.54°,67.49°,71.51°,74.83°,75.22°,75.47°,73.02°,70.66°,66.37°,62.69°,60.11°,58.25°,56.8°,55.08°,54.29°
2012-01-07,53.21°,52.2°,51.8°,50.82°,50.07°,49.72°,50.02°,50.49°,50.48°,52.06°,54.52°,57.92°,60.45°,62.21°,64.21°,65.23°,63.23°,59.52°,56.55°,54.76°,53.47°,52.66°,52.77°,51.86°
2012-01-08,51°,50.53°,51.24°,51.41°,50.2°,50.46°,49.8°,54.87°,55.81°,59.87°,63.7°,66.8°,69.9°,70.45°,70.91°,69.31°,67.63°,64.34°,60.94°,58.62°,56.98°,55.71°,54.55°,52.96°
2012-01-09,52.64°,52.79°,52.52°,51.73°,51.81°,51.14°,50.29°,49.96°,51.9°,59.79°,66.97°,70.85°,72.66°,74.61°,75.57°,75.2°,73.77°,68.28°,63.11°,60.09°,58.34°,56.81°,55.33°,53.21°
2012-01-10,52.08°,52.19°,51.63°,49.62°,48.78°,48.07°,47.76°,48.28°,50.27°,55.67°,62.76°,65.6°,69.4°,70.54°,71.82°,71.52°,68.12°,63.88°,60.64°,58.56°,56.87°,55.01°,53.7°,52.34°
2012-01-11,51.07°,50.93°,50.67°,50.97°,49.71°,49.74°,49.15°,48.35°,49.94°,53.76°,58.84°,62.16°,65.61°,67.65°,69.92°,69.5°,67.41°,64.81°,61°,59.28°,58.3°,58.37°,58.25°,57.45°
2012-01-12,57.28°,56.86°,56.52°,56.21°,56.11°,54.94°,54.71°,54.62°,54.07°,60.71°,66.61°,71.11°,72.16°,73.02°,73.88°,74.02°,73.54°,67.46°,63.74°,61.8°,59.6°,57.83°,56.96°,55.46°
2012-01-13,55.01°,52.98°,51.88°,51.64°,50.84°,51.51°,50.92°,48.81°,53.46°,60.14°,66.17°,70.79°,73.55°,75.79°,76.7°,76.23°,75.34°,71.49°,65.94°,62.77°,60.1°,58.78°,56.18°,56.6°
2012-01-14,54.95°,53.45°,52.61°,52.01°,51.77°,50.84°,50.19°,48.51°,48.73°,52.29°,55.86°,60.77°,63.92°,67.53°,68.97°,68.96°,66.2°,63.5°,59.83°,57.09°,55.26°,53.39°,51.19°,50.1°
2012-01-15,49.47°,47.45°,46.82°,46.99°,48.01°,48.64°,49.62°,49.41°,50.09°,52.82°,56.57°,59.87°,62.31°,62.42°,62.32°,62.61°,61.11°,59.77°,58.43°,57.66°,56.27°,55.33°,54.31°,53.99°
2012-01-16,52.8°,52.05°,51.07°,49.77°,49.25°,48.75°,48.7°,48.26°,49.72°,52.37°,54.71°,56.32°,57.36°,57.89°,57.99°,57.57°,56.67°,54.19°,52.54°,51.82°,50.96°,50.19°,50.04°,49.57°
2012-01-17,48.99°,47.52°,46.04°,44.9°,44.25°,43.56°,43.65°,43.92°,45.03°,48.06°,53.25°,55.31°,57.24°,58.5°,60.39°,60.66°,58.76°,55.92°,53.11°,51.8°,50.72°,49.2°,48.22°,47.61°
2012-01-18,46.76°,46.24°,45.23°,44.71°,43.93°,43.75°,43.45°,42.77°,44.45°,49.5°,55.76°,60.79°,63.3°,65.7°,67.13°,66.77°,63.3°,59.55°,55.71°,53.54°,52.71°,50.77°,49.99°,49.14°
2012-01-19,48.4°,47.79°,46.52°,45.69°,45.25°,44.4°,44.42°,44.73°,45.32°,51.01°,56.77°,62.81°,64.54°,66.86°,66.15°,64.54°,63.5°,59.97°,56.16°,54.13°,52.32°,51.25°,50.48°,49.72°
2012-01-20,48.96°,48.29°,48.18°,47.69°,47.88°,48.73°,49.24°,49.02°,49.39°,53.06°,57.28°,58.96°,62.31°,64.05°,64.06°,63.63°,62.37°,59.44°,56.48°,55.12°,54.39°,54.01°,54.25°,54.67°
2012-01-21,54.74°,54.77°,54.57°,53.93°,53.4°,53.39°,53.47°,54.01°,54.41°,55.5°,56.71°,57.47°,59.21°,61.08°,62.87°,63.73°,62.98°,60.49°,56.55°,55.71°,54.93°,53.31°,52.41°,50.56°
2012-01-22,49.27°,48.63°,48.02°,47.16°,46.76°,46.95°,47.77°,48.75°,50.28°,52.1°,55.35°,57°,58.65°,60.13°,62.34°,61.68°,61.02°,58.48°,55.71°,53.93°,53.11°,51.75°,51.92°,52.33°
2012-01-23,52.74°,52.38°,52.46°,52.43°,52.02°,51.99°,52.26°,51.63°,50.5°,50.03°,50.09°,50.37°,50.86°,51.58°,53.75°,53.55°,53.64°,53.56°,52.08°,50.79°,50.48°,50.15°,49.88°,49.12°
2012-01-24,48.95°,48.66°,48.61°,48.35°,46.97°,46.65°,46.39°,46.08°,47.61°,52.13°,56.51°,61.56°,64.25°,66.65°,68.11°,68.91°,67.97°,64.58°,61.53°,60.23°,59.19°,57.89°,56.48°,56.11°
2012-01-25,54.77°,54.15°,53.74°,53.24°,52.8°,51.73°,51.47°,52.38°,55.06°,62.96°,69.24°,74.79°,76.55°,79.4°,81.75°,80.93°,79.12°,75.24°,70.61°,67.46°,65.06°,63.25°,62.01°,60.38°
2012-01-26,59.87°,59.76°,57.48°,56.89°,57.84°,56.2°,55.47°,55.17°,58.34°,65.14°,72.93°,78.2°,80.24°,81.75°,80.34°,79.78°,78.55°,75.66°,71.46°,67.86°,65.88°,63.43°,60.73°,59.05°
2012-01-27,57.89°,57.08°,56.04°,55.55°,54.93°,54.09°,53.99°,54.41°,55.59°,58.55°,61.5°,66.45°,70.49°,74.67°,75.82°,76.59°,76.44°,73.58°,70.41°,69.21°,66.63°,66.71°,65.67°,64.9°
2012-01-28,64.32°,62.66°,61.98°,62.16°,60.96°,59.64°,58.53°,58.02°,58.83°,63.56°,67.1°,72.12°,73.62°,75.01°,77.27°,76.23°,75.51°,72.54°,68.01°,64.45°,62.33°,60.84°,59.91°,57.46°
2012-01-29,55.2°,53.75°,53.56°,52.56°,51.41°,49.64°,49.6°,53.22°,52.4°,60.5°,67.26°,72.61°,76.36°,77.87°,78.71°,78.45°,77.21°,73.32°,65.94°,64.35°,61.04°,58.69°,56.85°,55.28°
2012-01-30,53.99°,52.61°,51.67°,51.08°,49.78°,49.45°,47.98°,48.7°,50.13°,57.4°,64.04°,68.8°,69.9°,70.67°,70.3°,68.74°,66.71°,63.09°,60.42°,58.98°,57.46°,56.05°,54.48°,52.98°
2012-01-31,52.18°,52.69°,52.41°,51.87°,51.42°,50.63°,49.66°,49.92°,51.36°,54.62°,58.92°,63.12°,65.45°,66.98°,67.39°,65.38°,62.3°,59.92°,56.7°,55.5°,54.85°,53.76°,53.51°,52.61°
2012-02-01,51.87°,51.99°,51.48°,51.66°,50.73°,49.96°,49.97°,49.04°,50.76°,56.56°,61.32°,64.82°,66.45°,68.68°,68.16°,66.86°,64.51°,61.57°,57.99°,56.2°,54.85°,54.03°,53.1°,52.52°
2012-02-02,51.97°,51.16°,50.42°,50.03°,49.7°,49.18°,48.6°,47.97°,49.5°,54.81°,60.28°,64.79°,66.06°,68.89°,69.53°,68.81°,65.66°,62.89°,59.34°,57.63°,55.55°,54.73°,53.94°,53.29°
2012-02-03,53.16°,52.2°,51.22°,50.82°,50.1°,49.16°,49.15°,49.87°,51.29°,58.92°,64.06°,66.53°,68.25°,69.92°,70.9°,71.02°,70.02°,67.26°,62.34°,60.14°,58.8°,57.46°,56.55°,55.28°
2012-02-04,53.91°,52.78°,51.88°,50.85°,49.58°,49.07°,48.55°,48.83°,52.2°,58.41°,63.45°,68.07°,70.21°,71.82°,71.48°,71.43°,70.91°,68.85°,63.13°,61.72°,59.42°,58.02°,56.58°,55.54°
2012-02-05,54.49°,52.94°,51.7°,51.27°,50.8°,50.16°,49.12°,49.11°,53.44°,59.11°,65.53°,70.11°,71.48°,73.7°,74.17°,72.85°,72.09°,68.57°,64.97°,62.78°,61.26°,59.45°,57.81°,56.47°
2012-02-06,54.79°,52.96°,51.6°,50.98°,50.55°,50.05°,50.51°,51.68°,53.53°,57.97°,62.94°,66.17°,68.44°,69.35°,70.49°,70.12°,68.88°,67.58°,64.7°,63.23°,62.1°,61.48°,61.07°,60.3°
2012-02-07,59.12°,58.46°,57.82°,57.49°,56.62°,56.41°,57.24°,58.08°,57.6°,57.56°,58°,60.75°,62.13°,62.42°,61.75°,60.84°,61.17°,59.88°,58.68°,57.9°,57.73°,58.54°,57.48°,57.6°
2012-02-08,56.6°,55.82°,54.6°,53.47°,52.56°,51.86°,51.2°,51.2°,54.15°,61.88°,65.37°,69.66°,72.55°,73.23°,74.77°,75.31°,74.93°,72.3°,68.46°,66.04°,63.67°,62.25°,60.59°,59.24°
2012-02-09,58.41°,58.2°,56.59°,56.28°,55.48°,54.22°,55.69°,55.81°,59.67°,66.57°,72.82°,76.22°,78.63°,81.86°,81.11°,79.49°,77.08°,74.31°,69.47°,65.76°,63.19°,61.48°,60.03°,58.5°
2012-02-10,57.56°,55.73°,54.9°,54.03°,53.52°,52.68°,52.25°,52.1°,56.78°,62.73°,66.47°,69.66°,72.43°,73.7°,73.69°,73.38°,69.62°,66.81°,61.72°,60°,59.01°,58.31°,57.3°,56.78°
2012-02-11,56.36°,56.31°,56.32°,55.82°,55.3°,55.1°,54.82°,54.77°,55.52°,56.76°,58.24°,60.31°,60.99°,61.94°,61.99°,60.96°,59.97°,57.98°,56.01°,55.22°,54.44°,54.01°,53.26°,52.54°
2012-02-12,52.38°,51.68°,51.24°,50.92°,50.51°,50.34°,49.93°,49.51°,51.52°,55.14°,58.66°,60.51°,61.45°,62.61°,62.75°,62.68°,61.07°,58.77°,56.31°,55.35°,54.68°,54.44°,53.11°,52.91°
2012-02-13,52.89°,52.33°,51.97°,51.81°,52.23°,52.43°,52.5°,52.96°,53.48°,54.59°,55.26°,55.24°,55.56°,57.34°,58.46°,58.05°,57.07°,55.89°,54.01°,52.13°,51.57°,49.45°,49.18°,48.94°
2012-02-14,48.25°,47.02°,45.44°,44.33°,43.73°,43.28°,43.23°,43.23°,46.01°,51.51°,54.98°,58.09°,60.1°,61.65°,61.91°,61.95°,59.16°,56.61°,54.24°,52.72°,51.12°,50.27°,49.03°,48.43°
2012-02-15,47.6°,47.03°,46.87°,46.39°,45.98°,45.57°,46.37°,46.91°,48.66°,51.64°,53.26°,54.23°,53.3°,53.95°,52.29°,52.05°,52.13°,49.9°,49.18°,47.14°,46.35°,45.59°,45.78°,46.25°
2012-02-16,47.26°,47.06°,46.22°,45.15°,44.64°,44.43°,44.94°,46.41°,51.06°,55.34°,59.74°,62.83°,65.16°,66.42°,67.39°,68.36°,68.6°,68.23°,64.65°,60.6°,58.94°,57.62°,58.06°,56.03°
2012-02-17,55.22°,53.76°,52.82°,52.71°,50.86°,50.73°,50.31°,49.91°,54.01°,60.56°,65.45°,69.91°,70.23°,71.97°,71.69°,70.17°,67.63°,65.57°,60.65°,57.47°,55.66°,53.98°,53.17°,51.95°
2012-02-18,50.24°,49.85°,48.93°,48°,47.39°,47.65°,47.18°,46.12°,49.21°,55.07°,59.63°,62.41°,64°,65.05°,65.36°,64.69°,61.72°,57.65°,55.62°,54.67°,53.58°,53.28°,53.1°,52.46°
2012-02-19,52.42°,52.18°,52.03°,51.14°,50.15°,48.69°,48.08°,47.9°,49.98°,54.58°,57°,59.22°,59.88°,60.57°,60.56°,61.06°,60.52°,58.78°,55.43°,53.69°,52.64°,51.94°,51.17°,50.36°
2012-02-20,49.42°,49.16°,48.15°,47.65°,47.53°,47.44°,47.76°,47.88°,49.98°,52.5°,54.71°,57.61°,59.96°,60.65°,61.75°,62.99°,62.39°,59.44°,56.28°,54.09°,52.95°,51.47°,50.85°,49.96°
2012-02-21,49.27°,48.39°,47.54°,47.56°,46.81°,46.26°,46.15°,46.89°,50.24°,55.41°,63.03°,68.65°,72.22°,74.56°,74.84°,72.05°,70.64°,68.15°,64.84°,62.72°,60.26°,59.89°,59.28°,58.59°
2012-02-22,58.18°,56.78°,56.27°,54.76°,54.41°,53.85°,52.18°,52.59°,57.09°,65°,70.41°,75.1°,78.52°,80.2°,79.51°,78.57°,77.75°,74.84°,69.13°,65.67°,63.19°,60.71°,59.7°,58.69°
2012-02-23,57.67°,56.21°,55.15°,54.54°,53.91°,53.87°,52.47°,52.85°,57.76°,65.23°,70.19°,73.8°,76.29°,78.27°,80.46°,80.5°,77.76°,74.09°,69.23°,66.01°,63.39°,61.8°,59.97°,57.6°
2012-02-24,56.2°,55.48°,54.89°,53.83°,53.26°,52.67°,52.78°,53.62°,57.01°,60.71°,66.15°,69.3°,73.54°,75.65°,75.16°,72.31°,69.74°,64.64°,60.09°,57.26°,55.59°,54.67°,53.94°,54.11°
2012-02-25,53.86°,53.83°,53.88°,53.74°,53.71°,53.65°,53.62°,53.73°,54.68°,56.89°,60.77°,64.74°,67.11°,68.15°,67.05°,65.25°,62.77°,60.64°,57.09°,55.12°,53.71°,52.58°,52.17°,51.41°
2012-02-26,51.21°,50.82°,50.68°,50.76°,50.69°,51.01°,51.02°,50.69°,51.24°,53.24°,55.2°,58.5°,61.43°,64.76°,67.46°,66.91°,63.83°,60.36°,56.68°,55.03°,54.66°,54.5°,54.4°,54.41°
2012-02-27,54.43°,54.35°,54.33°,54.13°,53.15°,52.83°,52.86°,52.37°,52.5°,53.66°,54.32°,54.84°,54.96°,54.18°,52.52°,51.08°,50.54°,50.34°,50.04°,48.66°,48.81°,48.49°,47.84°,46.87°
2012-02-28,45.83°,45.42°,44.1°,42.62°,41.62°,41.03°,41.34°,41.97°,45.67°,49.58°,52.72°,55.31°,57.38°,56.8°,57.19°,56.9°,56.3°,55.2°,52.65°,50.63°,49.11°,47.93°,47.65°,46.33°
2012-03-01,52.99°,52.49°,51.75°,50.85°,50.37°,49.92°,49.17°,48.99°,51.45°,55.53°,58.05°,60.12°,62.13°,63.13°,62.46°,61.66°,61.11°,60.33°,57.83°,55.33°,54.39°,53.03°,52.63°,51.76°
2012-03-02,50.72°,50.04°,49.25°,48.28°,47.32°,46.72°,46.39°,46.91°,51.62°,56.9°,61.9°,65.65°,68.43°,70.53°,71.68°,72.37°,71.26°,69.18°,65.02°,61.46°,59.07°,57.41°,55.79°,54.5°
2012-03-03,53.48°,52.02°,51.43°,50.41°,49.99°,49.85°,49.93°,50.04°,55.92°,64.13°,70.28°,72.97°,76.27°,78.17°,78.81°,79.09°,77.4°,75.04°,71.03°,66.37°,63.75°,61.67°,60.92°,59.46°
2012-03-04,59.13°,57.94°,58.18°,58.21°,56.71°,55.97°,54.81°,55.92°,62.23°,71.13°,76.28°,82°,83.6°,85.7°,86.94°,89.28°,87.11°,83.44°,78.22°,73.76°,70.85°,67.49°,65.71°,63.37°
2012-03-05,63.35°,62.48°,61.66°,61.54°,60.83°,60.49°,58.89°,59.86°,63.82°,69.62°,73°,76.54°,80.89°,83.28°,82.83°,81.46°,79.01°,75.56°,70.83°,66.99°,64.05°,60.88°,58.8°,56.84°
2012-03-06,54.91°,53.66°,52.4°,51.97°,52.24°,52.18°,52.16°,52.62°,53.66°,54.59°,55.22°,56.66°,57.71°,59.45°,58.22°,56.6°,56.66°,55.95°,53.89°,52.7°,52.08°,51.4°,51.1°,50.42°
2012-03-07,49.43°,48.49°,47.9°,47.63°,47.77°,47.83°,46.61°,46.59°,49.69°,52.5°,55.2°,57.29°,60.49°,62.09°,63.48°,63.87°,61.82°,58.21°,55.05°,52.25°,51.14°,49.92°,48.92°,48.02°
2012-03-08,46.87°,46.19°,46.05°,45°,44.4°,43.69°,44.34°,44.31°,51.78°,59.86°,66.97°,70.4°,73.07°,75.17°,75.56°,75.12°,72.37°,69.79°,66.6°,63.48°,61.07°,59.09°,58.36°,57.33°
2012-03-09,56.48°,55.23°,54.76°,53.36°,53.17°,52.34°,51.99°,54.22°,61.43°,68.57°,76.13°,78.98°,81.21°,83.46°,83.67°,83.13°,80.74°,77.23°,72.68°,69.26°,66.63°,63.93°,61.89°,60.3°
2012-03-10,58.54°,56.46°,55.36°,53.96°,53.23°,52.83°,52.5°,53.12°,58.9°,65.66°,69.14°,72.58°,74.47°,75.21°,75.96°,73.89°,72.43°,69.68°,64.95°,61.06°,58.86°,57.77°,55.96°,54.48°
2012-03-11,53.57°,53.47°,None,53.83°,53.39°,53.79°,53.33°,53.2°,53.35°,53.73°,55.18°,56.93°,60.15°,63.25°,65.1°,65.81°,65.99°,63.64°,61.43°,58.2°,55.01°,53.61°,52.77°,52.33°
2012-03-12,52.68°,52.92°,53.01°,53.11°,52.77°,52.69°,52.76°,52.65°,52.76°,53.6°,55.02°,57.28°,61.47°,63.44°,66.56°,67.06°,66.27°,65.08°,62.25°,58.42°,55.23°,54.16°,53.02°,52.28°
2012-03-13,51.81°,51.03°,50.9°,51°,51.47°,51.77°,51.83°,52.16°,52.45°,52.97°,54.75°,56.64°,59.86°,63.4°,64.72°,65.27°,64.52°,63.06°,60.21°,56.84°,54.41°,53.65°,52.76°,51.69°
2012-03-14,50.96°,50.59°,50.41°,49.74°,49.39°,48.78°,48.72°,48.14°,49.14°,52.44°,57.09°,61.77°,65.27°,67.01°,67.59°,66.58°,65.28°,63.33°,59.76°,56.68°,55.26°,54.45°,53.66°,53.58°
2012-03-15,53.49°,53.06°,53.06°,52.97°,52.84°,52.88°,52.95°,53.24°,53.49°,55.42°,57.52°,61.85°,64.97°,66.41°,66.89°,66.57°,65.9°,66°,63.16°,58.68°,56.3°,55.57°,55.28°,54.82°
2012-03-16,54.99°,54.97°,55.05°,55.01°,54.85°,54.42°,54.33°,54.42°,54.45°,54.7°,55.58°,56.71°,57.75°,58.55°,59.95°,60.52°,59.5°,58.69°,58.23°,57.53°,56.49°,55.7°,55.57°,55.37°
2012-03-17,54.79°,54.77°,54.48°,54.02°,53.91°,53.82°,53.74°,53.7°,53.74°,53.88°,54.29°,53.87°,53.78°,53.85°,52.86°,51.44°,52.83°,51.91°,51.02°,49.61°,47.69°,46.47°,45.1°,44.3°
2012-03-18,44.22°,43.87°,43.86°,43.72°,43.4°,43.7°,43.58°,44.04°,44.9°,46.69°,48.89°,51.15°,52.74°,54.23°,55.83°,54.85°,54.73°,54.1°,52.74°,50.99°,49.18°,48.68°,47.37°,46.43°
2012-03-19,45.59°,44.88°,44.01°,43.71°,43.59°,43.58°,43.49°,42.88°,43.62°,47.51°,51.36°,54.08°,56.76°,58.32°,59.33°,60.77°,59.53°,58.34°,56.84°,53.99°,51.84°,50.81°,49.68°,48.68°
2012-03-20,47.69°,46.95°,46.14°,45.78°,45.06°,44.45°,44.19°,44.28°,46.39°,52.21°,57.58°,60.05°,62.9°,66.83°,69.31°,69.82°,69.88°,67.95°,65.09°,61.38°,58.29°,56.79°,55.65°,54.67°
2012-03-21,53.59°,52.59°,51.79°,51.06°,50.1°,49.36°,49.29°,49.13°,51.34°,58.84°,65.27°,70.57°,73.12°,76.23°,75.96°,76°,74.61°,73.22°,70.18°,66.77°,62.7°,59.93°,57.97°,56.98°
2012-03-22,56.09°,55.26°,53.85°,52.84°,52.14°,51.49°,51.29°,51.01°,53.08°,58.23°,64.62°,68.19°,71.78°,72.96°,73.84°,73.86°,70.41°,68.67°,66.63°,63.88°,59.93°,58.48°,55.19°,53.96°
2012-03-23,53.78°,53.46°,53.59°,53.63°,53.78°,53.64°,53.98°,53.73°,54.05°,54.27°,55.25°,57.38°,59.5°,62.43°,65.76°,67.97°,67.46°,65.62°,62.32°,59.98°,57.31°,55.81°,54.39°,53.41°
2012-03-24,52.77°,52.46°,52.11°,52.35°,52.53°,52.81°,52.8°,53.12°,53.65°,54.84°,56.25°,58.67°,61.03°,63.69°,66.99°,67.79°,66.1°,64.69°,63.32°,58.51°,55.38°,54.07°,53.15°,52.35°
2012-03-25,51.37°,50.6°,50.37°,50.89°,51.47°,51.47°,52.05°,51.91°,52.47°,54.58°,55.83°,56.79°,56.3°,54.72°,54.06°,53.66°,51.03°,48.81°,48.62°,49.73°,49.11°,48.46°,48.14°,47.61°
2012-03-26,47.3°,47.38°,47.84°,47.62°,47.63°,47.55°,47.93°,48.44°,49.39°,51.99°,55.08°,56.57°,59.22°,60.99°,62.35°,62.8°,63.15°,61.93°,59.97°,57.64°,54.57°,53.67°,52.43°,51.37°
2012-03-27,50.73°,49.42°,48.73°,48.44°,47.74°,46.88°,46.43°,46.87°,49.96°,54.61°,58.3°,60.33°,62.33°,65.47°,66.82°,66.85°,65.41°,63.48°,61.02°,57.88°,55.17°,53.8°,52.58°,51.61°
2012-03-28,50.58°,49.87°,49.49°,48.7°,48.32°,47.56°,47.12°,47.17°,50.02°,54.87°,59°,61.97°,64.04°,67.13°,68.35°,67.74°,65.96°,63.6°,63.67°,61.35°,58.28°,56.81°,56.18°,55.76°
2012-03-29,55.53°,55.3°,55.17°,54.59°,54.49°,54.27°,54.3°,54.61°,55.79°,57.79°,60.11°,63.48°,66.16°,67.63°,69.23°,67.46°,67.58°,68.12°,65.15°,59.99°,57.14°,56.34°,55.24°,54.76°
2012-03-30,54.64°,54.49°,54.43°,54.4°,54.46°,54.33°,54.38°,54.23°,54.49°,55.93°,57.56°,60.43°,64.27°,68°,69.7°,70.24°,68.79°,68.04°,66.42°,61.8°,57.88°,56.42°,55.82°,54.88°
2012-03-31,54.51°,54.04°,54.37°,54.42°,54.49°,54.45°,54.19°,53.77°,53.59°,54.33°,55.06°,55.82°,56.51°,57.29°,59.1°,60.75°,61.6°,60.53°,59.58°,57.35°,56.3°,54.98°,53.36°,53.26°
2012-04-01,51.77°,50.29°,49.85°,49.09°,48.09°,47.48°,46.51°,45.96°,49.1°,54.06°,57.21°,59.47°,62.14°,64.51°,65.63°,66.56°,67.07°,66.72°,65.24°,62.38°,59.99°,58.83°,57.39°,56.4°
2012-04-02,56.16°,55.47°,54.41°,55.66°,53.78°,52.68°,52.06°,51.11°,55.22°,61.65°,66.66°,70.47°,73.38°,74.84°,76.56°,74.17°,73.5°,72.75°,71.31°,68.6°,64.68°,62.65°,61.08°,59.4°
2012-04-03,57.61°,57.29°,55.59°,54.77°,53.5°,52.98°,52.18°,52.31°,56.11°,62.95°,68.24°,73.36°,74.19°,77.68°,78°,77.3°,76.86°,75.18°,72.93°,68.05°,63.69°,61.3°,59.95°,58.33°
2012-04-04,57.44°,56.35°,55.76°,55.22°,54.13°,53.58°,52.91°,52.78°,55.26°,60.35°,66.7°,70.41°,72.37°,73.86°,75.05°,73.81°,73.23°,72.16°,69.39°,65.45°,61.27°,58.89°,57.18°,56.37°
2012-04-05,55.82°,55.09°,54.26°,53.31°,52.62°,52.11°,51.87°,51.74°,53.25°,56.55°,59.99°,63.24°,64.42°,66.76°,66.7°,65.96°,65.49°,64.24°,61.94°,58.64°,55.4°,53.95°,53.56°,52.65°
2012-04-06,52.07°,51.4°,50.61°,49.97°,49.05°,48.45°,47.92°,47.15°,50.55°,55.56°,59.61°,62.72°,65.21°,68.37°,72.7°,72.98°,74.91°,74.55°,72.58°,69.04°,65.52°,63.34°,60.78°,60.01°
2012-04-07,58.97°,57.95°,56.87°,56.27°,55.44°,54.56°,53.64°,53.48°,58.26°,65.25°,70.44°,76.09°,79.28°,81.52°,83.81°,85.99°,82.86°,79.69°,76.71°,72.56°,67.9°,64.7°,62.07°,60.31°
2012-04-08,58.6°,56.9°,55.35°,54.61°,53.91°,53.56°,52.26°,52.83°,56.59°,65.36°,71.93°,76.62°,80.16°,82.9°,81.55°,81.23°,80.84°,78.13°,74.11°,70.71°,65.39°,61.81°,58.9°,57.27°
2012-04-09,56.03°,55.32°,54.22°,52.9°,52.28°,51.9°,51.62°,51.76°,56.62°,63.41°,69.15°,74.81°,78.46°,79.75°,81.31°,79.48°,78.31°,72.46°,68.83°,66.57°,60.29°,56.18°,54.71°,53.76°
2012-04-10,52.64°,51.86°,51.74°,50.82°,50.28°,49.65°,49.17°,48.81°,52.42°,55.96°,60.04°,62.27°,65.82°,68.7°,69.23°,67.45°,66.31°,63.91°,61.33°,58.28°,57.24°,55.57°,55.78°,55.62°
2012-04-11,55.28°,54.07°,52.99°,52.38°,52.22°,51.88°,52.37°,52.31°,53.26°,54.6°,55.92°,57.29°,57.75°,61.03°,61.14°,62.06°,61.9°,60.88°,58.8°,56.56°,55.35°,54.47°,53.92°,53.12°
2012-04-12,52.63°,51.53°,50.62°,50.18°,49.24°,48.65°,47.89°,48.02°,51.99°,55.6°,56.96°,59.06°,61.49°,62.68°,62.71°,62.14°,61.48°,59.7°,58.63°,57.28°,55.93°,55.65°,55.14°,54.98°
2012-04-13,54.84°,54.3°,53.97°,54.08°,54.2°,54.2°,54.1°,54.07°,54.02°,53.42°,53.33°,54.26°,55.55°,53.96°,51.71°,51.36°,52.12°,52.54°,51.64°,51.37°,51°,50.38°,49.61°,48.82°
2012-04-14,47.96°,47.04°,47.01°,46.26°,45.79°,45.19°,44.38°,44.66°,48.17°,51.77°,54.35°,57.3°,58.69°,61.15°,61.89°,62.14°,62.19°,62.33°,60.18°,59.07°,55.95°,54.71°,53.7°,52.47°
2012-04-15,51.49°,50.64°,49.97°,49.27°,48.75°,47.94°,47.87°,48.08°,51.38°,55.58°,59.34°,61.65°,65.1°,67.82°,69.18°,69.71°,68.38°,66.42°,65.07°,61.75°,58.45°,56.95°,55.77°,54.69°
2012-04-16,54.17°,53.16°,52.52°,52.07°,51.55°,51.24°,50.79°,51.38°,56.01°,61.5°,67.49°,73.21°,75.41°,79.45°,80.24°,79.26°,78.19°,77.61°,73.7°,70.81°,66.37°,63.69°,62.5°,61.37°
2012-04-17,59.95°,58.86°,57.96°,57.08°,56.3°,55.41°,54.65°,54.78°,59.78°,67.2°,73.6°,78.75°,80.99°,83.25°,82.87°,81.49°,79.79°,77.58°,75.74°,72.64°,68.1°,65.65°,63.55°,61.76°
2012-04-18,60.51°,59.4°,58.67°,58.19°,57.72°,56.76°,55.97°,56.07°,60.5°,65.36°,70.36°,73.71°,75.74°,77.82°,79.23°,77.65°,76.12°,76.23°,74.84°,71.25°,67.08°,65.28°,64.05°,62.44°
2012-04-19,60.19°,59.32°,58.25°,57.35°,56.72°,56.21°,56.06°,56.09°,57.31°,60.62°,65.85°,68.61°,72.28°,75.9°,76.54°,77.86°,77.63°,76.92°,74.57°,71.64°,67.27°,64.26°,62.19°,61.12°
2012-04-20,60.08°,59.37°,58.44°,57.79°,57.43°,56.97°,56.89°,57.12°,60.05°,66.26°,73.39°,80.99°,85.7°,89.31°,89.67°,85.44°,81.96°,80.32°,76.27°,71.5°,65.86°,62.77°,60.65°,59.58°
2012-04-21,59.6°,59.16°,58.83°,58.82°,58.74°,58.47°,57.96°,58.39°,61.5°,66.87°,71.27°,76.09°,80.01°,82.06°,82.03°,80.8°,78.11°,73.71°,70.76°,64.86°,61.25°,59.52°,59.2°,59.61°
2012-04-22,59.82°,59.78°,59.42°,59.11°,59.37°,59.19°,59.1°,58.94°,59.64°,61.66°,65.33°,68.09°,69.76°,71.92°,73.83°,72.53°,70.11°,66.78°,64.75°,61.46°,60.2°,59.49°,58.84°,58.28°
2012-04-23,57.61°,56.94°,57°,56.61°,56.03°,55.94°,55.9°,56.38°,56.92°,57.36°,58.02°,59.12°,60.7°,61.13°,60.36°,61.24°,61.43°,61.43°,61.19°,60.15°,59.4°,59.22°,59.13°,58.92°
2012-04-24,58.22°,57.66°,57.24°,57.16°,56.88°,55.54°,54.56°,54.91°,57.82°,61.42°,65.3°,69.23°,71.63°,72.3°,68.84°,69.34°,68.26°,66.22°,65.52°,64.97°,62.77°,60.21°,59.81°,60.27°
2012-04-25,60.02°,59.73°,59.54°,59.63°,59.74°,59.52°,59.44°,59.5°,61.21°,63.14°,69.11°,73.96°,79.39°,83.06°,83.8°,84.37°,80.78°,68.78°,66.47°,64.97°,64°,62.78°,62.34°,60.23°
2012-04-26,58.88°,58.73°,58.77°,58.67°,58.46°,58.47°,57.69°,57.66°,58.9°,59.59°,59.62°,59.96°,62.48°,64.66°,65.29°,62.94°,65.06°,65.31°,63.87°,62.59°,61°,59.74°,58.83°,57.8°
2012-04-27,57.03°,56.68°,56.54°,56.52°,56.73°,55.77°,55.06°,55.04°,58.87°,62.26°,64.47°,68.14°,70.39°,71.95°,71.34°,70.5°,70.39°,69.99°,68.77°,65.8°,62.78°,61.11°,60.15°,59.25°
2012-04-28,58°,57.2°,56.64°,56.12°,55.21°,54.81°,54.24°,54.91°,60.1°,64.64°,68.82°,73.4°,76.72°,79.78°,81.94°,80.29°,78.65°,77.7°,75.34°,71.78°,67.22°,64.96°,63.25°,61.77°
2012-04-29,60.6°,59.56°,59.14°,58.81°,57.84°,56.68°,56.5°,56.87°,60.93°,65.47°,68.72°,71.46°,75.07°,77°,77.7°,75.33°,73.46°,71.44°,69.1°,65.99°,62.67°,61.69°,61.46°,61.4°
2012-04-30,60.9°,61.09°,60.72°,60.9°,60.83°,60.49°,60.47°,60.54°,61.56°,63.12°,65.81°,68.19°,70.8°,71.13°,70.53°,70.12°,68.63°,66.44°,65.08°,63.18°,61.79°,61°,60.42°,60.08°
2012-05-01,59.53°,59.3°,58.89°,58.66°,58.11°,57.66°,57.47°,57.83°,58.13°,58.93°,59.85°,60.96°,61.53°,61.25°,61.37°,61.59°,61.56°,61.16°,60.87°,60.39°,59.73°,59.56°,59.28°,59.13°
2012-05-02,58.96°,58.56°,58.4°,58.34°,57.95°,57.57°,57.18°,57.54°,57.46°,59.28°,60.2°,61.42°,62.74°,63.43°,63.82°,63.4°,62.93°,62.64°,62.28°,61.47°,60.49°,60.15°,59.55°,58.91°
2012-05-03,58.64°,58°,57.85°,57.77°,57.46°,57.36°,56.92°,57.45°,58.92°,61.01°,62.98°,64.04°,65.29°,66.52°,66.76°,67.43°,67.11°,66.96°,65.67°,63.53°,60.94°,59.9°,59.4°,58.72°
2012-05-04,58.17°,57.51°,56.91°,55.77°,55.27°,54.43°,53.65°,55.01°,58.25°,61.54°,63.14°,64.75°,65.66°,67.3°,69.04°,70.13°,70.37°,70.13°,68.82°,66.21°,63.2°,61.33°,60.19°,58.83°
2012-05-05,57.62°,56.7°,55.96°,55.08°,54.69°,54.29°,54.04°,55.54°,58.57°,61.85°,65.76°,68.64°,72.34°,74.5°,74.76°,74.29°,73.83°,73.19°,71.94°,68.92°,65.31°,63.18°,61.9°,60.92°
2012-05-06,59.83°,59.02°,58.5°,57.54°,57.24°,57.36°,57.49°,57.96°,59.05°,61.03°,63.86°,67.6°,70.67°,73.41°,74.36°,73.91°,72.68°,71°,69.14°,65.77°,62.75°,61.08°,60.99°,60.91°
2012-05-07,60.35°,59.24°,58.4°,58.09°,58.35°,58.34°,58.31°,58.77°,60.39°,63.85°,67.79°,72.1°,74.95°,78.19°,79.62°,76.66°,74.92°,74.3°,73.53°,70.99°,67.05°,64.22°,62.48°,60.9°
2012-05-08,60.08°,59.85°,59.03°,58.53°,57.86°,57.29°,57.27°,57.97°,60.01°,64.78°,70.16°,74.83°,76.51°,77.83°,78.91°,78.96°,79.63°,78.68°,77.07°,76.87°,70.13°,66.86°,64.65°,63.07°
2012-05-09,62.7°,61.68°,60.58°,60.33°,59.33°,58.85°,58.57°,60.79°,65.25°,70.4°,75.84°,80.7°,82.61°,82.94°,83.37°,83.07°,82.3°,79.62°,78.63°,73.78°,68.54°,65.65°,63.74°,62.26°
2012-05-10,61.45°,60.99°,60.67°,60.31°,60.31°,60.13°,60.16°,60.84°,61.95°,64.1°,67.67°,70.37°,72.19°,74.36°,74.92°,74.62°,73.23°,71.66°,69.05°,66.6°,63.15°,61.31°,60.8°,60.16°
2012-05-11,59.68°,59.43°,59.39°,58.86°,58.64°,58.45°,58.35°,58.55°,59.67°,61.11°,63.42°,66.67°,69.86°,72.26°,74.76°,74.63°,74.11°,72.64°,70.64°,66.74°,62.9°,61.15°,59.94°,59.55°
2012-05-12,59.1°,58.96°,58.99°,59.23°,59.36°,59.16°,58.91°,59.34°,60.81°,63.8°,67.45°,71.41°,74.63°,76.27°,75°,74.07°,72.49°,70.99°,68.89°,65.92°,62.94°,61.11°,59.85°,58.78°
2012-05-13,58.25°,57.72°,57.49°,56.85°,56.53°,56.62°,56.7°,56.98°,57.97°,60.24°,64.62°,68.11°,71.84°,73.13°,76.2°,73.76°,70.93°,70.57°,70.16°,67.84°,63.81°,61.82°,60.63°,59.47°
2012-05-14,58.32°,57.54°,57.06°,56.59°,56.35°,55.64°,54.97°,56.35°,61.54°,66.27°,69.84°,73.49°,77.06°,79.14°,78.81°,77.92°,76.76°,76.49°,73.88°,70.43°,66.21°,63.56°,61.91°,60.39°
2012-05-15,59.65°,57.97°,57.26°,56.91°,55.83°,55.28°,54.79°,56.62°,61.59°,65.11°,68.78°,71.57°,74.73°,76.38°,76.96°,79.12°,77.16°,76.88°,74.82°,71.49°,67.25°,64.82°,63.62°,62.45°
2012-05-16,61.94°,61.35°,60.74°,60.17°,59.11°,58.84°,58.16°,59.74°,65.36°,69.64°,73.08°,77.91°,81.77°,84.16°,86.04°,85.61°,83.92°,81.59°,79.65°,76.62°,70.51°,67.87°,66.46°,65.13°
2012-05-17,63.72°,62.71°,61.88°,61.03°,60.61°,60.19°,59.99°,61.28°,63.42°,66.01°,70.5°,74.29°,77.16°,79.51°,78.39°,77.93°,76.63°,74.42°,71.29°,68.58°,64.95°,63.08°,61.76°,61.42°
2012-05-18,60.85°,60.18°,59.81°,59.69°,59.48°,58.96°,58.56°,59.07°,60.59°,63.45°,66.52°,68.73°,70.82°,71.46°,72.31°,72.87°,72.56°,71.83°,69.81°,66.91°,63.9°,61.96°,60.99°,60.32°
2012-05-19,59.5°,58.9°,58.67°,58.3°,57.97°,58.05°,58.24°,59.26°,61.02°,63.55°,66.53°,70.77°,73.98°,75.66°,77.69°,78.34°,77.68°,75.87°,72.95°,69.33°,65.82°,63.52°,62.32°,61.64°
2012-05-20,60.86°,60.3°,59.54°,59.09°,58.68°,58.49°,58.02°,59.62°,63.29°,67.92°,72.36°,77.45°,80.62°,84.61°,86.36°,86.3°,86.41°,84.01°,78.1°,71.44°,68.12°,65.09°,63.53°,62.69°
2012-05-21,62.06°,61.23°,60.78°,60.6°,59.89°,59.77°,59.6°,60.66°,63.75°,67.84°,72.77°,78.83°,83.54°,85.18°,84.75°,83.91°,83.87°,82.67°,81.36°,76.94°,70.43°,67.24°,65.46°,64.42°
2012-05-22,63.34°,62.26°,61.69°,61.19°,60.67°,59.95°,59.64°,60.95°,64.42°,68.24°,71.59°,74.37°,78.05°,80.02°,81.49°,81.71°,80.9°,79.38°,77.35°,74.38°,70.31°,67.86°,65.99°,64.51°
2012-05-23,63.83°,62.85°,62.6°,62.21°,61.95°,61.69°,61.47°,62.22°,64.77°,67.46°,70.66°,74.34°,75.18°,75.36°,75.7°,76.08°,76.27°,75.43°,72.93°,69.93°,66.82°,64.63°,63.38°,62.83°
2012-05-24,62.46°,62.35°,61.86°,61.53°,61.09°,60.83°,60.5°,61.36°,62.61°,64.08°,65.93°,67.88°,69.79°,71.84°,73.14°,73.38°,72.44°,71.92°,69.99°,67.16°,64.34°,63.2°,62.57°,61.93°
2012-05-25,61.72°,61.36°,60.89°,60.65°,60.65°,60.65°,60.15°,60.21°,60.45°,61.22°,62.16°,63.49°,64.83°,64.55°,65.67°,65.67°,64.59°,64.25°,62.79°,60.35°,58.05°,56.36°,55.66°,55.13°
2012-05-26,54.22°,53.62°,53.02°,52.19°,51.57°,51.26°,51.22°,53.25°,56.97°,60°,61.67°,63.55°,64.39°,64.52°,64.91°,65.58°,65.64°,65.58°,64.55°,62.66°,60.25°,58.56°,57.33°,56.67°
2012-05-27,55.75°,55.24°,53.99°,53.16°,52.84°,52.44°,52.07°,54.67°,58.61°,62°,64.42°,67.11°,69.86°,72.23°,73.2°,73.71°,74.2°,73.91°,72.85°,70.29°,66.95°,64.55°,63.17°,61.91°
2012-05-28,60.51°,59.87°,59.15°,58.73°,57.83°,57.39°,57.01°,59.13°,64.24°,70.09°,73.17°,76.09°,78.79°,79.35°,82.73°,83.03°,82.76°,82.84°,81.17°,77.67°,71.79°,68.5°,66.18°,64.7°
2012-05-29,63.24°,61.99°,60.73°,60.34°,59.28°,58.72°,58.41°,60.65°,64.52°,68.87°,72.54°,75.83°,78.56°,79.74°,81.73°,82.08°,81.14°,80.02°,78.23°,75.59°,71.21°,67.44°,65.63°,63.59°
2012-05-30,62.48°,61.07°,60.41°,59.47°,58.85°,58.23°,57.85°,59.88°,63.1°,65.84°,69.26°,72.55°,75.27°,77.66°,78.89°,76.73°,76.65°,75.69°,74.49°,70.9°,66.75°,64.78°,63.49°,62.37°
2012-05-31,61.54°,61.01°,60.41°,59.58°,59.12°,58.56°,59.13°,59.93°,61.5°,66.35°,71.85°,75.73°,81.06°,84.06°,85.11°,81.26°,80.97°,79.14°,77.49°,74.79°,69.93°,66.61°,65.86°,64.91°
2012-06-01,63.6°,62.27°,61.48°,60.89°,60.5°,60.33°,60.11°,61.47°,64.11°,67.01°,69.3°,74.86°,78.83°,80.54°,80.75°,78.76°,77.74°,77.29°,77.44°,73.93°,67.51°,64.8°,63.14°,62.79°
2012-06-02,62.47°,62.23°,62.11°,61.67°,61.51°,61.51°,61.31°,61.65°,62.51°,63.72°,65.94°,69.84°,72.76°,75.47°,77.48°,78.64°,76.38°,74.83°,73.74°,69.05°,65.51°,63.93°,63.38°,63.11°
2012-06-03,63.22°,62.61°,62.64°,62.11°,61.97°,61.86°,61.74°,61.87°,62.85°,64.7°,66.97°,71.18°,72.84°,75.03°,76.17°,76.53°,75.88°,73.98°,71.98°,69.72°,65.99°,63.85°,63.27°,62.87°
2012-06-04,62.82°,62.22°,62.09°,61.94°,61.76°,61.68°,61.65°,61.8°,62.49°,63.43°,64.74°,66.49°,68.57°,70.82°,71.72°,72.31°,71.6°,70.36°,68.67°,66.29°,64.05°,62.64°,62.21°,61.98°
2012-06-05,61.5°,61.08°,61.37°,60.84°,60.29°,59.93°,59.17°,60.3°,62.91°,65.56°,68.45°,70.41°,72.62°,73.85°,74.16°,74.24°,73.2°,73.15°,72.4°,70.5°,66.82°,64.57°,62.84°,61.51°
2012-06-06,60.85°,60.1°,59.54°,58.45°,57.92°,57.34°,56.42°,59.14°,63.15°,65.98°,69.37°,72.54°,75.53°,76.72°,78.18°,78.91°,80.2°,78.59°,77.62°,75.41°,71.06°,67.79°,65.69°,64.12°
2012-06-07,63.33°,62.79°,62°,61.32°,60.69°,59.96°,59.46°,61.78°,66.71°,70.6°,74.21°,77.7°,81.14°,83.58°,84.47°,84.17°,83.41°,81.88°,79.17°,76.57°,72.14°,68.59°,66.61°,64.99°
2012-06-08,63.84°,62.83°,62.25°,61.37°,60.94°,60.36°,59.67°,61.66°,65.07°,68.58°,71.77°,74.49°,76.77°,77.24°,77.25°,76°,75.33°,74.72°,73.31°,70.77°,67.51°,64.8°,63.29°,62.38°
2012-06-09,61.98°,61.69°,61.5°,61.57°,61.37°,61.22°,61.17°,61.54°,62.86°,64.07°,65.87°,67.8°,70.32°,72.13°,73.41°,73.84°,73.83°,72.66°,70.9°,68.22°,65.22°,62.95°,61.91°,61.22°
2012-06-10,61.25°,61.06°,61.04°,60.52°,60.32°,60.19°,60.16°,61.22°,62.22°,63.58°,65.83°,68.74°,71.68°,74.14°,76.5°,77.82°,77.09°,75.1°,72.69°,69.33°,65.73°,63.71°,62.44°,61.6°
2012-06-11,61.07°,60.75°,60.38°,60.43°,60.56°,60.62°,60.68°,61.37°,62.57°,64.62°,67.42°,71.21°,74.9°,77.86°,78.01°,77.8°,77°,75.75°,74.41°,69.37°,65.75°,63.75°,62.49°,61.54°
2012-06-12,60.62°,60.77°,60.72°,60.29°,60.31°,60.44°,60.54°,60.87°,62.31°,65.99°,70.65°,74.83°,77.44°,79.57°,79.67°,79.39°,77.16°,76.32°,74.24°,70.42°,66.94°,63.94°,62.9°,62.28°
2012-06-13,62.2°,61.69°,61.69°,61.69°,61.57°,61.32°,61.35°,61.78°,62.8°,64.86°,67.84°,71.04°,73.79°,75.11°,75.49°,74.81°,74.84°,74.79°,72.92°,69.84°,66.32°,64.33°,63.68°,62.97°
2012-06-14,62.93°,62.64°,62.64°,62.15°,61.76°,61.47°,61.31°,61°,61.72°,62.62°,64.36°,66.82°,69.85°,72.85°,74.85°,76.27°,75.99°,73.79°,71.71°,69.05°,65.74°,63.7°,63.06°,62.8°
2012-06-15,62.23°,61.78°,61.74°,61.31°,61.15°,61.06°,60.96°,61.15°,61.64°,62.42°,63.43°,65.36°,68.08°,70.91°,73.2°,74.41°,74.66°,72.91°,70.37°,67.67°,65.24°,63.93°,63.55°,63.53°
2012-06-16,63.45°,63.26°,62.8°,62.64°,62.81°,62.84°,62.6°,63.04°,63.91°,65.41°,69.41°,73.23°,76.36°,78.19°,79.02°,78.14°,76.61°,75.77°,74.54°,70.42°,67.45°,65.06°,64.35°,63.33°
2012-06-17,62.81°,62.26°,61.56°,61.22°,60.45°,60.13°,59.96°,61.2°,64.66°,68.36°,72.52°,75.78°,79.43°,81.67°,83.9°,86.42°,83.46°,81.81°,80.27°,74.22°,70.67°,66.9°,64.98°,63.4°
2012-06-18,62.49°,62.1°,61.86°,61.48°,61.29°,61.07°,61.04°,61.34°,62.82°,65.57°,69.22°,72.3°,74.09°,76.85°,78.74°,78.02°,76.85°,74.59°,73.65°,70.01°,66.39°,63.96°,63°,62.22°
2012-06-19,61.25°,61.12°,60.92°,60.77°,60.65°,60.76°,61.03°,61.5°,62.37°,64.14°,66.49°,70.15°,73.29°,75.6°,76.69°,76.93°,75.87°,74.71°,72.26°,69.55°,65.67°,63.45°,63.07°,61.92°
2012-06-20,61.22°,60.3°,60.14°,60.12°,60.34°,60.36°,60.66°,61.08°,61.97°,63.35°,66.56°,70.5°,74.37°,76.1°,76.73°,77.55°,78.29°,78.19°,76.94°,72.85°,68.52°,66.35°,64.38°,63.35°
2012-06-21,62.49°,62.01°,61.74°,61.33°,61.32°,61.22°,61.2°,61.8°,62.58°,63.62°,66.34°,70.5°,73.69°,76.63°,77.06°,77.96°,76.36°,75.11°,72.29°,69.73°,66.72°,64.07°,63.12°,61.8°
2012-06-22,61.18°,60.37°,59.83°,59.75°,59.82°,60.45°,60.67°,60.93°,61.99°,63.76°,66.61°,70.2°,73.49°,76.89°,78.96°,77.9°,77.17°,75.79°,73.6°,70.93°,67.32°,64.72°,63.66°,62.74°
2012-06-23,61.95°,61.25°,60.22°,60.1°,59.15°,58.86°,58.39°,59.97°,63.19°,66.87°,69.91°,72.01°,75.02°,77.02°,77.66°,78.35°,77.67°,76.94°,75.53°,72.13°,68.75°,66.07°,64.81°,63.95°
2012-06-24,63.09°,62.32°,61.43°,60.76°,59.85°,59.16°,58.6°,61.14°,65.4°,69.21°,72.57°,75.01°,79.08°,81.51°,83.6°,82.31°,80.66°,78.75°,77.14°,74.36°,69.89°,66.2°,64.61°,62.78°
2012-06-25,61.82°,60.64°,59.71°,58.78°,57.79°,56.69°,56.39°,59.3°,64.12°,68.33°,72.29°,75.16°,78.31°,80.47°,80.9°,81.51°,80.45°,78.6°,77.87°,73.97°,69.79°,66.36°,64.34°,63.06°
2012-06-26,61.7°,60.52°,59.82°,59.28°,58.57°,58.07°,57.55°,59.28°,64.03°,69.63°,73.68°,77.45°,80.8°,83.62°,84.33°,84.99°,84.25°,81.88°,79.07°,76.69°,73.42°,68.9°,66.73°,64.98°
2012-06-27,63.65°,62.86°,62.29°,61.08°,60.72°,59.96°,59.5°,62.25°,68.07°,72.32°,76.62°,80°,83.07°,86.15°,87.61°,87.63°,86.61°,85.66°,83.47°,78.04°,73.37°,69.39°,67.09°,65.69°
2012-06-28,64.64°,63.45°,62.59°,61.73°,61.06°,60.38°,59.67°,61.9°,67.63°,72.5°,76.8°,80.66°,83.29°,86.26°,86.99°,86.17°,85.55°,85.03°,83.41°,80.14°,73.47°,69.33°,67.04°,65.69°
2012-06-29,64.62°,63.27°,62.57°,62.06°,60.96°,60.57°,59.98°,61.68°,65.43°,71.23°,76.6°,80.44°,82.98°,84.68°,83.97°,85.45°,83.74°,82.98°,83.03°,78.75°,75.49°,70.42°,67.74°,65.95°
2012-06-30,64.77°,63.54°,62.62°,61.82°,61.08°,60.67°,60.18°,62.55°,66.93°,70.28°,74.24°,78.42°,81.55°,83.29°,82.15°,82.51°,84.47°,83.91°,81.55°,77.92°,71.81°,68.88°,66.93°,65.57°
2012-07-01,64.71°,63.79°,63.15°,62.39°,61.88°,61.37°,61.47°,62.56°,64.6°,67.71°,71.5°,74.37°,77.76°,79.79°,80.97°,79.82°,79.61°,78.97°,77.54°,74.84°,71.48°,68.65°,67.22°,65.76°
2012-07-02,64.95°,64.08°,63.54°,62.64°,62.31°,62.11°,62.3°,63.53°,65.12°,67.47°,70.89°,73.39°,76.9°,78.89°,80.91°,80.6°,79.24°,77.83°,77.09°,72.9°,69.06°,66.44°,65.03°,64.18°
2012-07-03,63.53°,63.79°,63.66°,63.39°,63.27°,63.13°,62.8°,63.1°,64.69°,65.93°,67.48°,70.1°,73.38°,75.35°,76.53°,77.7°,76.61°,75.17°,73.55°,70.39°,66.55°,64.9°,64.14°,63.88°
2012-07-04,63.8°,63.56°,63.25°,63.43°,63.19°,62.89°,62.77°,62.95°,63.83°,65.08°,66.43°,68.17°,71.14°,73.64°,75.43°,75.55°,74.01°,73.41°,71.58°,69.55°,66.77°,64.79°,64.04°,63.94°
2012-07-05,63.78°,63.68°,63.48°,63.49°,63.44°,63.37°,63.23°,63.53°,64.23°,65.18°,66.7°,68.24°,70.95°,73.79°,75.29°,76.32°,76.11°,74.96°,72.6°,69.37°,66.08°,64.4°,63.6°,62.96°
2012-07-06,62.85°,62.66°,62.3°,62.31°,62.38°,62.1°,62.17°,62.47°,63.42°,65.01°,67.1°,71.03°,75.57°,77.39°,79.58°,80.45°,80.09°,78.76°,75.95°,73.87°,69.58°,66.62°,65.02°,63.55°
2012-07-07,62.3°,61.14°,60.57°,60.06°,59.66°,59.26°,59.02°,59.7°,61.97°,66.07°,68.94°,73.4°,77.24°,80.49°,81.83°,82.22°,80.54°,82.04°,80.91°,78.09°,72.49°,67.83°,65.3°,63.73°
2012-07-08,61.73°,60.73°,59.79°,59°,58.43°,58.1°,58.04°,58.42°,62.18°,68.01°,73.83°,78.07°,82.25°,84.29°,86.08°,86.07°,85.39°,84.82°,83.1°,80.05°,73.58°,69.38°,66.85°,65.71°
2012-07-09,63.92°,62.56°,62.12°,61.85°,61.45°,61.73°,61.41°,62.97°,67.05°,73.91°,79.71°,84.31°,87.07°,89.89°,91.37°,92°,92.16°,89.78°,87.21°,83.2°,77.65°,73.49°,70.72°,69.48°
2012-07-10,68.41°,67.42°,66.72°,66.22°,65.68°,64.41°,64.43°,65.96°,70.46°,75.75°,80.88°,85.48°,90.21°,92.62°,94.73°,94°,92.05°,89.48°,86.86°,82.38°,76.24°,72.03°,69.51°,67.89°
2012-07-11,66.72°,65.97°,65.34°,64.86°,64.85°,64.68°,63.93°,65.64°,69.26°,75.7°,80.51°,84.38°,89.16°,94.17°,95.41°,92.52°,88.73°,86.23°,84.14°,81.2°,77.58°,73.3°,71.05°,69.31°
2012-07-12,68.22°,67.3°,66.12°,66.21°,66.11°,65.84°,65.93°,66.79°,69.41°,73.63°,78.77°,82.15°,85.18°,86.52°,86.76°,86.06°,82.42°,83.6°,78.38°,75.66°,76.54°,75.53°,72.5°,72.19°
2012-07-13,72.07°,71.43°,71.25°,70.88°,70.81°,70.97°,70.5°,70.6°,71.57°,72.48°,74.2°,76.21°,79.53°,82.63°,86.09°,89.5°,90.24°,89.22°,89°,81.99°,78.89°,73.57°,71.98°,70.42°
2012-07-14,69.42°,68.15°,67.01°,65.67°,64.94°,64.14°,64.22°,65.11°,68.87°,72.86°,76.86°,79.66°,82.3°,85.23°,86.56°,86.73°,86.32°,84.25°,80.86°,75.33°,71.4°,68.27°,66.21°,65°
2012-07-15,64.11°,63.83°,63.58°,63.45°,63.28°,63.07°,62.77°,63.26°,65.32°,67.65°,71.59°,75.17°,77.6°,79.63°,80.7°,80.74°,78.79°,78.41°,76.58°,73.5°,68.97°,65.44°,63.45°,62.61°
2012-07-16,62.06°,62.16°,61.95°,61.8°,61.67°,61.67°,61.48°,62.02°,63.4°,64.91°,67.29°,70.65°,73.5°,75.36°,76.98°,76.33°,75°,73.71°,72.38°,69.66°,65.77°,63.73°,62.71°,62.92°
2012-07-17,62.78°,62.65°,62.85°,62.96°,62.8°,62.64°,62.73°,63.11°,63.94°,65.66°,68.13°,71.24°,73.92°,75.91°,76.09°,76.19°,76.49°,75.5°,74.41°,72.47°,69.01°,66.46°,64.91°,63.99°
2012-07-18,63.08°,62.49°,61.69°,61.16°,60.44°,60.3°,60.54°,61.8°,64.48°,68.52°,73.47°,78.69°,80.93°,84.07°,82.82°,84.56°,81.29°,80.81°,81.05°,80.99°,78.58°,76.41°,75.68°,73.92°
2012-07-19,72.17°,71.5°,70.82°,69.75°,69.57°,68.55°,67.9°,69.75°,74.58°,80.18°,84.85°,87.31°,89.49°,90.52°,91.54°,91.72°,90.85°,92.29°,90.1°,85.97°,79.76°,76.15°,74.11°,71.78°
2012-07-20,70.4°,70.05°,69.19°,68.77°,68.05°,67.81°,67.34°,69.07°,73.61°,78.36°,82.65°,85.42°,89.5°,90.89°,89.43°,89.44°,88.18°,86.45°,86.4°,82.29°,78.01°,73.54°,70.89°,69.75°
2012-07-21,68.5°,67.3°,66.7°,65.92°,65.63°,65.56°,64.75°,65.56°,70.3°,74.79°,79.55°,84.08°,86.85°,88.73°,89.44°,90.89°,89.38°,85.61°,82.93°,79.04°,74.33°,71.58°,69.93°,67.82°
2012-07-22,67.31°,66.56°,66.03°,65.03°,64.7°,64.38°,64.25°,64.9°,68.05°,72.09°,76.13°,80.24°,84.19°,87.35°,88.11°,84.39°,83.44°,80.83°,79.59°,74.36°,70.89°,68.45°,67.51°,66.02°
2012-07-23,65.05°,64.34°,63.98°,63.59°,63.47°,63.11°,63.59°,63.98°,66.64°,70.21°,74.16°,78.12°,80.7°,82.99°,81.42°,81.59°,82.51°,79.27°,78.97°,74.25°,70.62°,67.55°,66.06°,64.48°
2012-07-24,63.73°,62.62°,62.11°,61.76°,61.44°,60.97°,60.61°,61.27°,62.6°,64.88°,68.51°,74.03°,77.52°,81.46°,82.86°,83.33°,83.49°,82.7°,79.5°,75.87°,69.84°,66.44°,64.33°,63.09°
2012-07-25,61.88°,61.41°,60.59°,59.84°,59.46°,59.46°,59.43°,60.03°,61.58°,63.45°,67.32°,72.04°,76.27°,79.44°,81.78°,81.09°,79.33°,78.26°,77.12°,73.69°,69.11°,65.3°,63.91°,62.51°
2012-07-26,61.49°,61.06°,60.21°,60.01°,59.5°,59.65°,59.59°,60.36°,61.67°,63.8°,68.29°,72.15°,75.74°,78.81°,80.93°,79.78°,80.46°,78.46°,76.24°,72.98°,69.02°,66.07°,64.3°,62.64°
2012-07-27,61.5°,60.5°,60.12°,59.51°,59.18°,59.17°,59.19°,59.59°,61.3°,63.24°,67.28°,71.68°,75.69°,78.95°,79.81°,79.92°,81.35°,79.13°,76.47°,72.81°,68.45°,65.5°,63.86°,62.67°
2012-07-28,61.5°,60.53°,60.01°,59.22°,58.93°,58.1°,57.85°,59.08°,64.31°,67.84°,72.4°,75.86°,79.87°,82.7°,84.09°,82.55°,84.31°,83.37°,81.56°,78.25°,72.49°,68.52°,66.58°,65.79°
2012-07-29,64.68°,63.93°,62.69°,61.67°,60.99°,60.49°,60.06°,61.08°,64.35°,66.68°,70.83°,75.71°,80.07°,82.55°,84.15°,82.8°,82.74°,81.17°,79.95°,77.22°,71.84°,68.95°,67°,66.04°
2012-07-30,65.28°,64.56°,63.68°,63.15°,62.67°,62.31°,62.26°,62.94°,66.34°,70.61°,74.6°,78.46°,81.1°,83.74°,83.72°,83.62°,82.97°,79.55°,77.36°,74.62°,71.51°,69.22°,67.83°,67.46°
2012-07-31,66.66°,66.19°,65.45°,65.23°,64.83°,64.19°,63.62°,63.86°,67.2°,70.96°,73.76°,77.85°,81.44°,83.7°,84.79°,83.56°,82.98°,82.97°,80.58°,77.73°,73.2°,70.56°,69.1°,67.73°
2012-08-01,66.47°,65.54°,65.21°,64.59°,64.19°,63.54°,63.4°,64.04°,66.76°,70.82°,75.56°,79.83°,81.27°,82.8°,85.06°,86.31°,86.72°,85.49°,81.29°,78.8°,73.99°,70.23°,68.23°,66.74°
2012-08-02,66.09°,65.46°,64.41°,64.22°,63.45°,63.04°,62.56°,63.16°,66.7°,71.58°,74.86°,78.67°,82.48°,85.16°,85.68°,84.29°,83.18°,81.34°,79.18°,77.7°,73.64°,71.52°,69.66°,67.87°
2012-08-03,66.57°,65.62°,64.91°,64.28°,64.12°,63.94°,64.22°,64.97°,66.62°,70.02°,73.89°,76.35°,77.3°,78.6°,79.71°,81.13°,80.76°,80.14°,77.45°,73.68°,71.01°,69.1°,67.34°,66.29°
2012-08-04,65.62°,65.03°,65.14°,65.13°,64.92°,64.66°,64.62°,65.35°,66.27°,67.92°,70.6°,73.9°,76.84°,79.76°,81.95°,81.57°,80.67°,79.35°,77.28°,74.61°,71.1°,69.18°,67.5°,66.49°
2012-08-05,65.7°,64.79°,63.94°,63.53°,63.07°,62.81°,62.57°,63.1°,66.34°,70.06°,75.58°,78.27°,82.77°,86.07°,87.27°,88.67°,88.29°,84.66°,81.79°,79.66°,75.62°,72.23°,70.06°,68.91°
2012-08-06,68.38°,68.25°,67.2°,66.2°,65.54°,65.24°,64.89°,65.83°,70.81°,76.41°,82.43°,88.59°,91.67°,95.22°,97.11°,96.7°,94.14°,92.97°,87.88°,84.54°,80.67°,77.13°,74.64°,73.13°
2012-08-07,72.95°,72.32°,71.43°,70.92°,70.14°,69.08°,68.91°,69.92°,73.9°,78.67°,83.05°,87.16°,92.65°,95.47°,96.91°,96.53°,94.05°,90.06°,88.08°,85.13°,80.6°,77.91°,76.38°,74.81°
2012-08-08,73.82°,72.87°,72.09°,71.29°,70.73°,70.28°,69.91°,70.26°,74.86°,78.82°,83.95°,88.96°,91.99°,95.72°,98°,97.1°,95.88°,93.21°,90.87°,83.77°,79.19°,76.27°,74.96°,74.03°
2012-08-09,72.66°,72.44°,71.81°,70.8°,70.6°,70.72°,70.32°,71.4°,76.08°,81.48°,86.26°,92.6°,95.61°,97.85°,98.05°,93.39°,93.58°,94.34°,90.09°,87.8°,81.54°,77.41°,75.88°,74.57°
2012-08-10,73.53°,72.69°,72.31°,71.26°,70.88°,70.61°,71.05°,72.2°,78.2°,83.5°,89.5°,91.18°,93.28°,93.6°,94.51°,95.35°,96.44°,97.25°,95°,91.05°,85.5°,79.73°,76.71°,75.4°
2012-08-11,74.69°,74.44°,73.36°,73.24°,73.08°,73.05°,72.96°,73.39°,76.16°,80.7°,85.46°,88.8°,92.84°,95.42°,98.43°,98.33°,98.11°,94.1°,90.08°,88.1°,83.57°,80.71°,79.43°,77.66°
2012-08-12,76.63°,75.7°,75.28°,75.11°,74.89°,74.46°,73.78°,74.35°,78.35°,83.98°,88.11°,92.82°,95.38°,98.02°,99.21°,99.31°,98.03°,96.65°,94.59°,89.16°,82.49°,79.78°,76.87°,75.85°
2012-08-13,75.26°,74.1°,74.16°,73.34°,73.35°,72.72°,72.52°,73.05°,77.12°,81.55°,86.64°,89.96°,93.39°,96.2°,96.8°,95.9°,94.51°,90.5°,89.83°,86.27°,80.91°,78.37°,76.3°,75.17°
2012-08-14,74.05°,74.05°,73.34°,72.41°,71.95°,71.53°,71.11°,71.4°,75.2°,80.71°,85.02°,88.33°,92.26°,94.51°,95.62°,95.37°,92.87°,90.14°,90.17°,85.79°,79.9°,75.77°,73.7°,72.12°
2012-08-15,70.73°,70.28°,70.7°,69.05°,68.33°,68.04°,67.67°,67.82°,71.88°,76.4°,80.41°,84.21°,86.8°,88.7°,90.08°,89.42°,85.7°,86.44°,85.11°,81.27°,78.23°,74.72°,73.85°,73.39°
2012-08-16,71.97°,71.43°,71.24°,70.87°,69.68°,70.07°,69.82°,69.74°,72.5°,77.95°,85.37°,89.19°,92.27°,94.14°,95.96°,94.53°,92.63°,90.67°,89.31°,86.92°,82.9°,78.53°,77.03°,75.7°
2012-08-17,74.48°,74.89°,75.12°,74.86°,73.9°,73.62°,73.85°,73.74°,75.81°,80.52°,84.88°,88.96°,93.58°,96.31°,97.87°,98.88°,98.27°,96.76°,92.66°,87.91°,83.15°,80.25°,79.36°,77.02°
2012-08-18,76.01°,75.82°,75.28°,74.37°,73.76°,73.69°,72.85°,73.21°,77.3°,81.77°,85.72°,90.16°,92.23°,93.63°,93.94°,94.28°,93.05°,90.7°,88.7°,85.07°,80.85°,78.13°,76.54°,75.72°
2012-08-19,74.26°,73.39°,72.79°,72.35°,71.93°,71.55°,71.21°,71.73°,76.48°,80.81°,84.46°,88.1°,91.5°,92.87°,94.05°,91.44°,92.26°,90.57°,89°,82.85°,79.24°,76.7°,75.18°,74.5°
2012-08-20,73.47°,72.62°,72.06°,71.38°,70.95°,70.65°,70.46°,70.82°,75.63°,79.67°,83.67°,85.85°,89.24°,90.46°,91.88°,92.13°,91.17°,88.84°,85.85°,79.77°,76.7°,74.37°,73.45°,72.61°
2012-08-21,72°,71.5°,70.92°,70.5°,70.28°,69.61°,69.16°,69.57°,73.05°,76.76°,79.8°,82.22°,85.08°,85.86°,87.04°,86.79°,86.34°,83.76°,80.18°,76.93°,73.79°,72°,71.28°,70.98°
2012-08-22,70.35°,69.69°,69.35°,68.98°,68.79°,68.44°,68.42°,68.62°,71.45°,74.91°,77.98°,81.16°,82.74°,83.85°,85.08°,83.36°,82.61°,81.29°,79.43°,75.38°,72.3°,70.41°,69.78°,68.81°
2012-08-23,68.12°,68.11°,68.13°,67.67°,67.78°,67.83°,67.89°,68.38°,69.3°,71.12°,73.53°,76.4°,79.79°,81.81°,81.77°,81.79°,81.26°,79.87°,77.21°,73.85°,70.8°,68.84°,67.94°,67.64°
2012-08-24,67.45°,67.16°,67.11°,67.13°,67.27°,67.14°,67.81°,68.01°,68.75°,69.81°,71.8°,74.34°,77.48°,80.84°,83.51°,83.39°,81.53°,80.08°,77.89°,74.03°,70.38°,68.56°,67.77°,66.95°
2012-08-25,66.44°,66.13°,66.14°,65.99°,66.05°,66.08°,65.9°,66.23°,67.25°,68.63°,70.53°,73.94°,76.83°,79.1°,80.77°,81.11°,80.46°,78.68°,76.18°,72.25°,68.86°,66.9°,66.27°,65.1°
2012-08-26,64.13°,64.05°,64.1°,63.61°,63.75°,63.6°,63.94°,64.11°,65.41°,69.35°,73.25°,76.94°,80.7°,83.02°,84.45°,83.83°,83.32°,82.01°,80.82°,76.06°,72.05°,69.41°,67.53°,66.52°
2012-08-27,65.6°,65.03°,64.63°,63.27°,63.51°,63.46°,62.51°,64.16°,69.42°,74.6°,81.46°,85.36°,89.14°,92.24°,93.23°,93.64°,93.47°,92.42°,87.85°,83.05°,78.22°,75.61°,73.91°,73.1°
2012-08-28,71.94°,71.91°,70.92°,69.75°,69.58°,68.75°,68.79°,69.02°,74.99°,79.48°,86.07°,91.84°,95.21°,96.47°,96.59°,96°,95.82°,94.11°,91.42°,85.6°,83.56°,80.35°,79.7°,79.7°
2012-08-29,78.66°,78.99°,78.84°,77.52°,76.22°,75°,73.74°,72.85°,76.08°,79.52°,83.9°,86.36°,88.64°,90.7°,92.68°,94.77°,95.12°,92.49°,87.89°,81.67°,78.38°,76.92°,75.94°,74.97°
2012-08-30,74.42°,73.44°,72.75°,71.95°,71.51°,71.54°,70.89°,70.88°,74.75°,78.97°,83.48°,86.55°,89.62°,91.84°,94.09°,93.31°,89.3°,83.13°,82.54°,81.76°,79.11°,76.78°,75.7°,74.95°
2012-08-31,73.61°,72.63°,71.63°,70.85°,70.34°,69.67°,69.52°,69.54°,72.85°,77°,81.14°,84.66°,86.82°,88.53°,90.66°,89.46°,88.84°,86.55°,85.02°,80.17°,74.27°,72.31°,71.12°,70.51°
2012-09-01,69.72°,68.62°,67.08°,66.11°,65.49°,64.8°,64.5°,63.94°,70.01°,74.09°,79.94°,84.2°,88.01°,90°,90°,89.4°,88.32°,85.92°,82.17°,78.37°,73.93°,71.47°,69.37°,67.93°
2012-09-02,67.9°,66.49°,65.37°,64.97°,63.93°,63.52°,62.93°,62.6°,69.42°,76.18°,80.82°,85.02°,87.51°,90.34°,91.59°,91.57°,90.02°,87.87°,85.16°,79.5°,74.32°,71.08°,69.1°,67.86°
2012-09-03,66.95°,65.94°,65.14°,65.15°,64.48°,64.25°,63.79°,64.33°,69.56°,75.32°,80.04°,84.72°,88.78°,91.64°,92.31°,92.78°,90.14°,88.19°,85.55°,81.59°,76.12°,73.15°,71.38°,70.76°
2012-09-04,69.5°,69.01°,68.61°,68.9°,68.12°,67.57°,67.36°,67.31°,72.04°,77.73°,82.44°,86.65°,90.94°,93.39°,95.06°,95.44°,96.64°,94.75°,88.18°,82.36°,77.69°,75.58°,74.48°,73.14°
2012-09-05,72.23°,72.34°,72.3°,71.93°,71.88°,71.55°,71.45°,72°,73.01°,74.48°,75.19°,76.64°,78.98°,81.35°,82.3°,84.5°,85.71°,83.86°,81.71°,80.27°,77.66°,75.66°,74.68°,73.02°
2012-09-06,72.01°,71.32°,70.45°,69.31°,69.03°,68.67°,68.28°,68.82°,72.07°,76.01°,79.97°,83.76°,86.87°,87.85°,88.56°,87.23°,86.77°,84.89°,82.91°,79.14°,76.71°,74.89°,73.88°,72.9°
2012-09-07,72.11°,71°,70.63°,70.21°,69.5°,68.84°,68.21°,68.39°,72.1°,75.63°,79.64°,83.14°,85.79°,87.11°,88.2°,87.2°,86.56°,85.81°,83.28°,78.8°,76.08°,74.88°,73.56°,72.64°
2012-09-08,71.94°,71.05°,70.63°,69.99°,69.16°,68.89°,68.38°,68.56°,72.38°,76.96°,81.36°,85.27°,88.28°,90.94°,91.55°,91.22°,89.27°,84.77°,82.26°,78.61°,75.43°,74.26°,73.45°,72.8°
2012-09-09,72.66°,72.12°,71.92°,71.66°,71.14°,70.57°,70.31°,70.35°,73.03°,79.66°,84.25°,89.6°,91.65°,93.88°,95.79°,95.29°,94.03°,93.42°,89.44°,84.07°,78.54°,76.12°,74.25°,73.6°
2012-09-10,73.16°,73.16°,73.1°,73.13°,72.73°,72.34°,72.95°,72.82°,75.63°,79.84°,83.28°,85.6°,87.88°,88.68°,89.7°,90.68°,89.45°,88.18°,84.43°,79.26°,76.54°,75.09°,73.98°,73.51°
2012-09-11,72.96°,72.62°,72.47°,71.86°,71.52°,71.24°,70.73°,70.7°,72.69°,75.71°,78.4°,79.93°,80.94°,80.32°,81.86°,81.77°,80.48°,78.81°,77.37°,74.1°,71.64°,70.35°,70.32°,70.22°
2012-09-12,70.1°,70.05°,69.89°,69.81°,69.96°,69.94°,69.95°,69.98°,70.56°,71.66°,73.53°,77.19°,79.66°,83°,84.47°,84.13°,84.49°,81.09°,77.88°,74.67°,72.1°,70.65°,69.94°,69°
2012-09-13,68.53°,68.03°,67.45°,67.18°,66.88°,66.62°,66.77°,66.75°,68.75°,73.26°,79.96°,83.96°,87.7°,90.76°,92.39°,93.09°,92.02°,88.15°,87.19°,81.85°,79.18°,77.19°,75.31°,74.14°
2012-09-14,73.12°,73.27°,72.14°,70.95°,70.37°,70.4°,68.58°,68.33°,76.28°,83.43°,90.08°,96.79°,99.99°,103.33°,103.81°,103.24°,102.55°,100.78°,96.39°,92.05°,88.23°,85.74°,84.27°,81.8°
2012-09-15,79.31°,77.82°,76.55°,77.67°,76.25°,75.55°,75.68°,76.33°,82.08°,88.41°,93.43°,97.72°,99.93°,101.42°,101.83°,102.23°,101.39°,97.85°,95.59°,90.96°,85.99°,82.13°,79.61°,77.83°
2012-09-16,77.34°,76.52°,74.67°,73.93°,72.5°,71.4°,70.53°,70.3°,72.43°,75.63°,78.65°,80.73°,83.49°,86.03°,88.63°,89.38°,89.28°,87.67°,84.04°,78.31°,74.26°,72.19°,71.18°,70.37°
2012-09-17,70.2°,69.76°,69.09°,68.51°,68.4°,68.09°,68.04°,67.53°,68.9°,72.69°,76.24°,79.69°,83.1°,83.95°,85.13°,85.67°,85.04°,83.37°,79.18°,73.95°,70.74°,69.41°,67.65°,67.1°
2012-09-18,66.48°,65.84°,65.42°,65.17°,64.07°,63.54°,63.1°,63.23°,66.65°,70.94°,75.85°,79.79°,83.03°,86.1°,87.18°,87.69°,85.07°,84.93°,80.64°,76.47°,73.16°,70.97°,69.11°,68.05°
2012-09-19,67.43°,67.24°,66.29°,65.75°,64.99°,64.53°,63.66°,63.86°,67.94°,73.63°,78.22°,83.29°,87.08°,89.28°,89.45°,89.72°,89.73°,84.3°,82.32°,78.58°,75.36°,73.16°,71.92°,70.95°
2012-09-20,70.32°,69.35°,68.91°,68.38°,67.29°,66.74°,66.06°,66.6°,69.45°,75.76°,81.67°,86.65°,91.01°,93.92°,94.9°,94.49°,93.14°,89.81°,84.16°,80.17°,77.23°,75.33°,73.52°,72.52°
2012-09-21,71.36°,70.58°,69.36°,68.41°,67.47°,66.42°,66.09°,66.32°,70.28°,76.32°,81.86°,88.51°,91.83°,93.98°,93.94°,91.22°,90.36°,89.68°,87.63°,82.66°,77.18°,74.2°,72.77°,72.26°
2012-09-22,71.69°,71.38°,70.73°,69.82°,69.58°,69.01°,68.74°,68.65°,69.92°,73.9°,79.37°,82.74°,87.75°,91.27°,93.8°,94.41°,93.88°,91.43°,86.06°,82.96°,79.56°,76.93°,76.7°,74.53°
2012-09-23,74.06°,72.93°,72.82°,72.11°,70.49°,70.56°,70.3°,68.68°,71.84°,79.14°,84.39°,89.07°,94.61°,95.81°,96.73°,95.5°,94.65°,92.1°,89.28°,84.01°,78.86°,76.56°,76.31°,75.42°
2012-09-24,74.54°,72.07°,71.02°,70.94°,69.66°,69.47°,68.52°,67.61°,70.18°,74.42°,78.52°,82.37°,84.41°,85.85°,87.29°,86.37°,85.69°,82.26°,78.31°,73.56°,70.92°,68.83°,67.77°,66.5°
2012-09-25,65.3°,64.54°,63.6°,62.69°,62.45°,61.93°,61.89°,62.11°,63.57°,66°,70.45°,73.82°,77.28°,79.74°,80.17°,80.45°,79.7°,77.22°,74.65°,70.81°,68.4°,67.04°,65.77°,64.74°
2012-09-26,63.94°,63.36°,62.71°,62.32°,61.9°,61.71°,61.97°,61.97°,63.19°,64.92°,68.62°,72.98°,77.15°,79.68°,81.17°,80.82°,78.2°,75.98°,73.51°,70.04°,67.96°,67.03°,66.59°,66.19°
2012-09-27,65.87°,65.02°,64.72°,64.08°,63.44°,62.9°,62.57°,62.23°,65.1°,68.35°,73.03°,76.88°,81.74°,82.62°,85.37°,86.15°,85.39°,82.21°,79.52°,75.19°,72.33°,69.69°,68.66°,67.64°
2012-09-28,66.32°,65.22°,64.69°,64.26°,63.98°,63.58°,63.9°,63.7°,65.78°,70.77°,76.38°,81.8°,85.97°,87.46°,89.52°,88.71°,86.68°,84.3°,79.71°,75.65°,73.07°,71.17°,70.12°,69.33°
2012-09-29,68.03°,67.88°,67.24°,66.98°,66.47°,65.37°,65.66°,65.45°,69.91°,74.87°,79.97°,85°,87.65°,90.72°,90.98°,90.02°,90.48°,87.25°,83.11°,78.97°,76.26°,74.32°,73.01°,72.07°
2012-09-30,71.76°,69.93°,69.33°,68.85°,67.49°,66.51°,66.41°,66.63°,71°,79.65°,85.34°,90.76°,94.95°,97.95°,98.3°,98.01°,97.27°,94.79°,89.61°,85.01°,80.25°,77.47°,76.35°,74.04°
2012-10-01,73.74°,72.2°,71.21°,70.22°,68.29°,67.43°,66.77°,66.92°,72.74°,81.15°,87.37°,93.81°,98.2°,101.18°,102.45°,101.56°,101.26°,98.14°,93.29°,88.04°,84.03°,81.39°,79.78°,78.8°
2012-10-02,77.43°,75.1°,73.5°,72.72°,71.21°,69.9°,69.19°,69.16°,74.71°,80.18°,86.34°,93.17°,96.77°,99.05°,98.97°,97.95°,95.85°,91.96°,87.17°,83.63°,80.23°,77.59°,75.47°,73.83°
2012-10-03,72.34°,71.12°,70.24°,69.07°,67.83°,67.56°,67.06°,66.75°,68.65°,71.63°,74.64°,81.07°,83.89°,86.2°,87.35°,86.94°,83.68°,82.54°,77.96°,73.64°,70.79°,68.59°,67.15°,65.56°
2012-10-04,64.66°,63.64°,63.03°,62.79°,62.18°,62.73°,62.89°,63°,63.33°,66.14°,70.06°,73.2°,75.82°,78.03°,80.27°,79.49°,77.53°,75.87°,71.94°,68.38°,66.34°,65.46°,64.69°,63.67°
2012-10-05,62.93°,62.16°,61.54°,61.12°,61.05°,61.17°,61.72°,62.03°,62.67°,64.55°,67.31°,71.81°,74.55°,77.06°,78.62°,77.74°,78.45°,77.23°,74.14°,71.1°,69.24°,67.78°,66.76°,65.84°
2012-10-06,64.79°,64.09°,63.64°,62.99°,62.26°,61.93°,61.63°,61.59°,62.5°,66.8°,71.15°,74.29°,77.27°,79.5°,81.04°,80.39°,79.88°,77.72°,74.22°,71.75°,70.13°,69.24°,68.36°,67.7°
2012-10-07,66.55°,66.1°,65.45°,64.63°,64.16°,63.2°,63.11°,62.79°,64.19°,69.06°,72.88°,74.43°,77.99°,79.62°,80.93°,80.86°,79.96°,77.57°,74.74°,71.29°,69.05°,67.84°,66.5°,65.62°
2012-10-08,65.09°,64.22°,63.5°,62.97°,62.53°,62.08°,62.04°,62.47°,63.53°,65.57°,67.76°,70.71°,73.66°,76.1°,77.88°,78.26°,77.31°,75.41°,72.21°,68.92°,67.1°,66.11°,65.07°,64.09°
2012-10-09,63.02°,62.3°,61.97°,61.27°,60.93°,60.46°,60.35°,60.18°,61.84°,65.09°,68.32°,70.58°,73.16°,74.79°,75.16°,75.02°,74.98°,72.19°,69.51°,67.6°,66.64°,65.9°,64.56°,63.87°
2012-10-10,62.85°,61.93°,61.27°,60.88°,60.6°,59.9°,59.54°,59.49°,60.63°,64.73°,67.13°,69.35°,70.81°,72.45°,72.83°,72.22°,71.56°,70.45°,67.99°,65.35°,63.91°,63.01°,62.5°,61.69°
2012-10-11,61.32°,60.76°,59.87°,59.09°,58.63°,58.02°,57.86°,58.2°,58.9°,60.76°,62.83°,65.02°,66.91°,67.96°,67.48°,65.3°,63.27°,61.48°,59.93°,59.37°,58.07°,56.78°,56.23°,56.08°
2012-10-12,55.2°,55.4°,55.07°,55.02°,54.35°,54.23°,54.19°,54.41°,55.75°,59.61°,61.16°,62.74°,66.06°,68.51°,68.93°,70.06°,68.89°,67.03°,65.88°,63.92°,62.81°,61.59°,60.82°,59.9°
2012-10-13,58.79°,58.58°,57.71°,57.37°,56.94°,56.26°,56.05°,55.83°,57.61°,62.6°,67.08°,69.89°,72.53°,74.68°,76.15°,76.79°,76.92°,75.99°,72.05°,68.63°,66.75°,65.7°,65.35°,64.55°
2012-10-14,63.67°,62.86°,62.36°,62.06°,62.28°,61.77°,61.29°,61.87°,63.48°,73.08°,78.31°,83.55°,87.94°,90.94°,92.74°,92.14°,89.5°,87.77°,83.58°,79.3°,76.56°,74.7°,72.84°,71.33°
2012-10-15,70.45°,68.15°,68.22°,68°,66.62°,65.85°,66.05°,65.83°,70.47°,77.79°,83.21°,86.65°,88.65°,92.75°,91.66°,91.97°,90.45°,87.18°,82.89°,77.15°,74.79°,73°,71.87°,70.46°
2012-10-16,68.62°,67.96°,66.76°,65.22°,64.62°,63.91°,63.07°,62.87°,66.82°,71.9°,78.03°,83.19°,87.54°,91.62°,93.32°,92.28°,90.4°,87.4°,82.36°,76.57°,73.9°,72.4°,71.18°,69.91°
2012-10-17,70.16°,68.68°,68.1°,67.65°,65.99°,66.29°,65.68°,64.98°,67.73°,76.43°,83.15°,87.8°,92.31°,95.43°,97.48°,97.18°,96.88°,95.06°,90.79°,84.85°,80.46°,78.49°,77.17°,76.37°
2012-10-18,75.42°,73.98°,74.52°,73.68°,73.42°,71.45°,71.33°,70.96°,71.52°,72.44°,73.61°,74.57°,76.34°,77.62°,78.8°,79.66°,79.17°,78.02°,75.22°,72.06°,70.01°,68.77°,67.88°,67.01°
2012-10-19,66.23°,65.74°,65.48°,64.67°,64.31°,63.76°,63.14°,63.05°,64.08°,68.64°,72.39°,74.85°,76.88°,78.4°,77.86°,76.21°,75.35°,72.18°,69.01°,67.27°,66.63°,66.18°,65.92°,65.85°
2012-10-20,65.74°,65.68°,65.71°,65.72°,65.27°,65.21°,64.97°,64.59°,64.51°,64.84°,65.05°,66.31°,67.84°,69.15°,69.99°,70.33°,69.76°,68.64°,67.4°,66.44°,66.09°,65.43°,65.33°,65.22°
2012-10-21,64.67°,64.61°,64.31°,63.87°,63.65°,63.52°,63.46°,63.35°,63.62°,64.84°,66.35°,67.9°,69.39°,70.55°,71.76°,71.73°,71.4°,69.8°,67.39°,65.32°,64.17°,63.65°,63.29°,63.29°
2012-10-22,63.28°,63.14°,62.84°,62.45°,62.31°,62.26°,62.23°,61.87°,61.92°,63.95°,65.45°,66.77°,68.87°,69.51°,69.71°,69.49°,68.21°,66.74°,64.31°,63.07°,62.28°,62.34°,61.61°,61.48°
2012-10-23,61.46°,61.41°,61.11°,59.88°,59.48°,58.69°,58.19°,57.71°,58.06°,60.8°,63.16°,65.93°,67.81°,69.28°,69.69°,70.03°,69.28°,68.07°,65.27°,63.03°,61.39°,60.55°,59.72°,58.9°
2012-10-24,58.1°,57.11°,56.49°,56.43°,55.79°,55.58°,55.33°,55.01°,55.96°,61.03°,64.25°,67.5°,69.48°,70.87°,72.09°,72.3°,71.59°,70.95°,68.44°,66.11°,64.61°,64.18°,63.74°,62.39°
2012-10-25,61.42°,60.79°,60.01°,59.46°,59.44°,59.38°,59.1°,58.65°,60.48°,65.38°,69.03°,72.6°,75.62°,78.04°,79.13°,79.14°,79.19°,77.86°,74.6°,71.54°,70.18°,68.75°,67.67°,67.16°
2012-10-26,66.14°,65.12°,63.89°,62.22°,61.93°,61.9°,61.11°,60.92°,64.99°,70.27°,74.36°,77.81°,81.04°,83.34°,84.2°,84.82°,85.16°,84.01°,80.48°,76.7°,74.13°,72.01°,70.78°,69.22°
2012-10-27,66.65°,65.26°,64.47°,63.01°,62.43°,62°,62.41°,62.7°,64.92°,72.51°,77.4°,81.67°,85.52°,88.45°,90.14°,90.98°,90.8°,86.72°,81.39°,76.39°,73.69°,71.66°,69.89°,68.17°
2012-10-28,67.25°,65°,63.65°,62.81°,61.54°,60.66°,59.91°,58.93°,62.82°,72.19°,75.97°,81.69°,84.62°,87.9°,87.79°,87.5°,86.28°,82.38°,76.27°,72.02°,69.81°,67.52°,65.97°,64.39°
2012-10-29,62.91°,61.53°,59.94°,58.94°,58.15°,57.08°,56.65°,57.08°,59.36°,65.8°,71.91°,77.22°,81.64°,84.42°,86.54°,86.52°,84°,79.51°,74.48°,69.99°,66.38°,64.7°,63.5°,61.98°
2012-10-30,60.48°,59.08°,58.26°,57.98°,57.45°,56.5°,56.59°,55.66°,56.82°,62.07°,68.02°,74.4°,78.07°,80.81°,81.37°,80.8°,78.98°,75.88°,70.47°,66.17°,64.07°,62.49°,61.07°,60.1°
2012-10-31,59.04°,58.46°,57.79°,57.5°,56.82°,56.1°,55.99°,55.51°,56.35°,58.43°,61.55°,65.51°,68.73°,71.77°,73.8°,74.76°,73.51°,71.49°,66.7°,63.05°,61.26°,59.81°,58.98°,57.96°
2012-11-01,57.03°,56.42°,56.09°,55.69°,56.27°,56.89°,56.91°,56.78°,57.25°,57.98°,59.46°,61.39°,64.92°,67.11°,69.14°,70.01°,69.76°,67.69°,64.25°,61.79°,60.06°,58.83°,57.62°,56.54°
2012-11-02,56.23°,55.29°,54.83°,55.25°,56.18°,56.47°,56.67°,56.93°,57.13°,59.31°,61.75°,64.48°,66.88°,68.95°,70.75°,71.48°,72.31°,70.14°,65.85°,63.17°,61.55°,60.28°,59.52°,58.74°
2012-11-03,58.08°,57.09°,56.56°,56.02°,55.29°,54.52°,54.16°,54.23°,54.35°,60.42°,64.58°,70.44°,74.81°,77.09°,80.11°,81.74°,81.26°,78.54°,71.98°,67.99°,65.86°,65.2°,64.06°,62.39°
2012-11-04,62.43°,61.85°,57.88°,57.43°,57.26°,56.43°,57.32°,58.79°,67.33°,73.29°,80.13°,84.45°,87.89°,90.05°,90.74°,90.46°,88.24°,81.33°,77.18°,74.38°,69.81°,68.88°,67.37°,None
2012-11-05,66.4°,66.2°,65.16°,63.48°,62.64°,62.48°,62.57°,65.2°,73.45°,80.43°,84.36°,89.2°,91.5°,93.52°,93.29°,91.23°,87.81°,83.07°,77.23°,74.53°,72.69°,70.46°,68.57°,67.52°
2012-11-06,65.67°,63.87°,64.13°,62.06°,62.01°,59.93°,59.6°,61.26°,68.55°,73.34°,77.27°,80.64°,82.73°,84.83°,84.77°,82.85°,79.94°,73.66°,69.79°,67.32°,65.74°,64.32°,63.15°,62.38°
2012-11-07,61.86°,61.59°,60.79°,60.65°,60.42°,60.28°,59.92°,59.8°,61.27°,64.52°,67.94°,70.86°,73.07°,73.93°,74.52°,73.1°,70.94°,66.11°,63.07°,61.81°,60.29°,59.55°,58.78°,58.54°
2012-11-08,59.06°,59.34°,59.63°,59.59°,59.68°,59.61°,59.23°,59.51°,61.02°,62.03°,63.06°,64.44°,65.31°,65.51°,64.13°,62.39°,60.71°,59.82°,59.16°,58.91°,58.41°,58.41°,58.26°,58.04°
2012-11-09,57.75°,57.23°,56.33°,54.99°,53.94°,53.3°,53.66°,53.32°,55.67°,57.68°,59.54°,61.09°,61.84°,62.68°,62.23°,61.85°,60.1°,57.2°,55.87°,54.61°,53.49°,52.18°,51.31°,50.02°
2012-11-10,49.18°,48.3°,47.55°,46.69°,45.9°,44.88°,44.78°,45.33°,50.19°,54.81°,57.54°,59.61°,61.12°,61.42°,61.31°,60.78°,58.87°,57.2°,55.81°,54.89°,53.34°,52.88°,52.52°,51.63°
2012-11-11,51.3°,50.37°,49°,47.68°,46.17°,45.36°,44.53°,44.65°,50.29°,55.16°,59.36°,62.18°,64.55°,65.88°,66.16°,66.17°,65.16°,60.51°,57.48°,55.76°,54.86°,53.59°,52.63°,51.89°
2012-11-12,51.09°,50.57°,48.82°,47.96°,48.39°,47.65°,46.65°,49.39°,54.29°,59.74°,64.38°,67.31°,70.07°,71.91°,73.18°,72.63°,70.04°,65.1°,61.47°,59.31°,58.59°,56.49°,56.15°,55.34°
2012-11-13,54.99°,53.25°,52.21°,52.18°,51.84°,52.08°,51.93°,52.45°,59.52°,66.29°,71.57°,75.72°,79.29°,81.81°,82.53°,82.19°,78.95°,72.54°,68.59°,66.18°,64.47°,63.51°,63.31°,62.02°
2012-11-14,60.83°,57.8°,55.45°,55.27°,53.4°,53.28°,52.99°,53.72°,59.75°,67.57°,71.58°,75.1°,77.52°,78.87°,78.28°,76.52°,74.64°,68.32°,64.99°,62.88°,60.87°,59.74°,59.47°,57.11°
2012-11-15,57.02°,57.53°,57.59°,56.1°,55.34°,56.13°,56.17°,56.21°,57.99°,60.73°,62.92°,64.68°,66°,66.59°,67.13°,67.74°,66.08°,64.17°,62.74°,61.69°,61.04°,60.6°,59.92°,59.71°
2012-11-16,59.3°,58.42°,57.78°,56.77°,56.03°,55.9°,56.14°,56.58°,58.32°,61.06°,63.33°,65.21°,66.76°,69.06°,69.91°,69.49°,67.04°,64.93°,63.17°,62.57°,62.16°,62.31°,61.9°,61.82°
2012-11-17,61.28°,60.7°,60.11°,59.82°,59.62°,59.46°,59.02°,59.03°,59.65°,60.41°,61.94°,64°,65.2°,65.73°,65.3°,64.08°,63°,61.89°,61.07°,60.56°,60.41°,60.06°,60.08°,59.87°
2012-11-18,59.66°,59.49°,59.31°,59.02°,58.85°,58.73°,58.41°,58.47°,59.58°,61.13°,62.72°,65.1°,66.38°,67.46°,67.11°,67.1°,65.13°,62.14°,60.09°,59.09°,58.16°,57.1°,56.47°,55.49°
2012-11-19,55.32°,54.45°,54.5°,54.14°,53.58°,53.02°,53.07°,53.52°,56.79°,60.61°,64.28°,66.67°,67.82°,69.39°,69.57°,69.25°,66.48°,62.95°,60.41°,58.89°,57.85°,56.94°,56.39°,55.51°
2012-11-20,54.71°,54.32°,53.47°,53.09°,52.3°,52.13°,51.87°,51.95°,56.11°,61.89°,65.76°,68.55°,70.36°,72.25°,72.74°,70.76°,68.58°,64.39°,61.74°,60.14°,58.87°,57.98°,57.02°,56.27°
2012-11-21,55.49°,55.1°,54.79°,54.05°,53.85°,53.76°,52.85°,53.16°,56.07°,59.45°,62.18°,64.52°,67.04°,68.36°,69.56°,69.36°,67.51°,64.32°,61.57°,60.35°,59.08°,58.01°,57.1°,56.59°
2012-11-22,55.97°,55.65°,55.37°,54.68°,54.41°,53.99°,53.56°,53.59°,56.74°,59.75°,63.96°,68°,70.46°,72.99°,74.59°,73.81°,71.07°,65.55°,62.61°,61°,59.47°,59.03°,58.29°,57.66°
2012-11-23,57.16°,56.29°,55.91°,55.89°,55.51°,55.83°,54.9°,54.93°,57.56°,60.55°,66.01°,73.47°,78.98°,81.65°,82.55°,80.85°,77.31°,70.82°,65.59°,63.15°,61.62°,60.54°,57.83°,57.27°
2012-11-24,57.42°,56.69°,55.93°,55.56°,54.95°,53.72°,53.06°,53.79°,56.24°,64.41°,73.02°,79.52°,83.8°,86.22°,86.32°,83.93°,78.88°,73.3°,67.88°,65.71°,62.95°,62.23°,61.34°,60.24°
2012-11-25,58.99°,58.08°,57.58°,56.04°,55.73°,55.28°,54.99°,54.87°,57.27°,59.81°,62.33°,65.57°,67.91°,68.98°,69.95°,69.65°,67.58°,63.05°,60.24°,59.33°,58.7°,58.34°,57.81°,57.15°
2012-11-26,57.19°,57.29°,56.86°,56.87°,56.71°,56.33°,56.18°,56.14°,56.57°,57.84°,59.92°,62.94°,64.98°,66.97°,66.91°,67.04°,64.51°,61.26°,59.32°,57.71°,56.67°,55.47°,54.38°,54.01°
2012-11-27,53.42°,53.27°,52.84°,52.8°,52.44°,52.31°,52.34°,53.07°,55.36°,58.28°,61.75°,64.59°,67.77°,69.41°,70.85°,68.26°,64.95°,61.73°,59.66°,58.14°,57.27°,56.38°,56.09°,55.89°
2012-11-28,55.46°,55°,55.07°,55.14°,55.51°,55.72°,55.81°,55.73°,56.71°,57.8°,60.5°,63.86°,65.17°,66.66°,65.91°,64.35°,62.74°,61.6°,60.96°,60.34°,59.92°,59.57°,59.39°,59.19°
2012-11-29,58.85°,58.08°,57.75°,57.5°,57.5°,57.6°,57.55°,57.68°,58.36°,59.45°,60.32°,61.39°,62.23°,62.36°,62.35°,62.44°,62.61°,62.23°,61.9°,61.81°,61.62°,61.51°,61.46°,61.45°
2012-11-30,61.4°,61.35°,61.29°,61.24°,61.17°,60.85°,61°,61.02°,61.77°,62.42°,62.97°,63.53°,63.69°,64.04°,64.42°,64.43°,64.04°,63.27°,62.41°,62.1°,61.64°,61.33°,60.45°,60.27°
2012-12-01,60.12°,60.05°,59.72°,59.31°,58.99°,59.1°,58.85°,59.08°,59.8°,61.52°,63.13°,64.21°,64.9°,64.87°,64.45°,64.74°,63.91°,62.9°,62.34°,61.94°,61.75°,61.69°,61.56°,61.46°
2012-12-02,61.12°,60.71°,60.28°,60.2°,59.86°,59.81°,59.67°,59.59°,60.04°,61.11°,62.4°,63.73°,64.09°,62.86°,62.28°,62.03°,61.98°,61.49°,61.17°,60.96°,60.96°,60.88°,60.61°,60.67°
2012-12-03,60.74°,60.7°,60.75°,60.81°,60.86°,60.7°,60.6°,60.4°,60.64°,61.55°,62.38°,63.45°,65.01°,66.73°,67.65°,67.84°,66.57°,62.83°,61.42°,60.57°,59.6°,59.04°,58.48°,57.71°
2012-12-04,57.69°,57.28°,57.06°,56.95°,56.83°,56.94°,56.54°,56.86°,57.44°,60.32°,63.46°,66.41°,67.08°,67.83°,68.56°,66.87°,65.71°,63.05°,61.04°,59.51°,58.06°,57.6°,56.92°,56.29°
2012-12-05,55.74°,54.66°,54.45°,53.91°,53.68°,52.94°,52.91°,52.61°,55.72°,59.09°,60.99°,63.17°,64.86°,66.21°,67.2°,66.75°,64.85°,62.3°,60.76°,59.52°,58.4°,58.05°,58.21°,58.16°
2012-12-06,57.98°,57.88°,57.83°,57.62°,57.45°,57.27°,56.61°,56.61°,57.35°,58.43°,60.31°,61.65°,63.75°,66°,67.7°,67.95°,66.14°,62.13°,60.32°,59.4°,58.36°,57.72°,57.11°,56.35°
2012-12-07,55.95°,55.52°,55.2°,54.68°,54.46°,54.35°,54.76°,53.99°,56.17°,58.14°,59.81°,62.93°,67.72°,69.58°,68.92°,68.58°,66.82°,63.37°,61.16°,59.71°,58.57°,57.5°,56.8°,56.23°
2012-12-08,55.91°,54.12°,53.87°,53.2°,53.5°,53.27°,53.13°,53.2°,54.37°,56.04°,58.13°,60.18°,63.55°,65.22°,66.28°,67.16°,65.35°,61.69°,58.79°,57.19°,55.56°,54.75°,55.25°,55.77°
2012-12-09,56.01°,56.01°,55.95°,55.79°,55.51°,55.03°,54.6°,54.45°,54.38°,56.38°,59.02°,62.71°,66.14°,67.25°,68.98°,68.61°,65.63°,62.01°,59.45°,57.77°,57.46°,56.7°,55.57°,54.91°
2012-12-10,53.66°,53.28°,51.63°,51.45°,50.18°,49.75°,50.29°,50.85°,54.07°,60.64°,65.98°,71.28°,72.79°,74.45°,74.41°,74.11°,71.19°,65.41°,62.29°,60.27°,58.33°,57.52°,56.49°,54.2°
2012-12-11,54.32°,52.98°,52.18°,52.11°,50.51°,51.28°,49.73°,49.09°,53.07°,58.85°,63.07°,66.84°,69.63°,71.46°,71.3°,70.76°,67.89°,63.39°,60.4°,58.12°,56.64°,55.82°,54.95°,54.4°
2012-12-12,54.95°,55°,54.95°,54.81°,54.54°,54.67°,54.48°,54.52°,55.26°,56.43°,57.88°,58.75°,58.83°,58.87°,59.27°,59.37°,59°,58.39°,58.03°,57.65°,56.78°,56.22°,55.82°,55.39°
2012-12-13,55.06°,54.62°,54.29°,54.02°,53.7°,53.19°,52.83°,52.67°,53.28°,54.71°,56.77°,57.87°,57.78°,58.03°,59.21°,59.24°,57.74°,54.54°,52.48°,51.04°,49.86°,48.69°,48.7°,47.64°
2012-12-14,47.2°,46.13°,45.26°,44.9°,44.54°,44.07°,43.54°,43.28°,45.95°,50.75°,54.57°,56.27°,56.7°,56.29°,55.51°,54.42°,53.63°,52.16°,49.87°,49.42°,49.49°,48.75°,47.79°,47.04°
2012-12-15,46.73°,46.61°,46.64°,46.97°,47.03°,46.6°,45.29°,44.1°,46.25°,50.25°,53.3°,55.51°,57.64°,59.04°,59.72°,59.5°,56.6°,54.93°,54.12°,53.75°,53.66°,53.09°,52.26°,52.27°
2012-12-16,52.43°,52.14°,52.06°,51.81°,52.01°,51.79°,51.77°,51.59°,52.07°,53.32°,53.78°,54.06°,54.48°,54.76°,55.07°,54.6°,53.96°,53.53°,53.14°,53.13°,53.44°,53.43°,53.5°,53.46°
2012-12-17,53.42°,53.46°,53.66°,53.31°,53.08°,53.14°,53.38°,53.51°,54.3°,56.32°,58.41°,60.56°,61.69°,62.09°,61.74°,61.2°,60.25°,59.21°,58.24°,57.65°,57.35°,56.75°,56.36°,56.11°
2012-12-18,55.87°,55.47°,55.68°,55.57°,55.14°,54.8°,54.75°,54.72°,54.97°,56.02°,56.77°,57.55°,58.45°,59.16°,59.51°,59.5°,57.37°,54.54°,52.4°,50.75°,50.26°,48.95°,48°,47.28°
2012-12-19,46.56°,45.94°,45.49°,45.03°,44.51°,43.88°,43.02°,42.13°,44.37°,48.13°,51.89°,54.72°,56.9°,58.5°,59.36°,59.16°,58.46°,54.75°,51.52°,50.19°,49.46°,47.94°,47.45°,47.04°
2012-12-20,46.24°,45.62°,44.99°,43.95°,44.23°,43.52°,43.57°,43.89°,46.22°,50.89°,55.57°,59.7°,62.48°,64.37°,65.14°,65.46°,63.32°,58.89°,55.13°,53.48°,51.77°,50.83°,49.84°,48.7°
2012-12-21,47.47°,47.16°,46.48°,45.65°,44.85°,44.14°,43.47°,43.72°,46.68°,53.48°,57.2°,59.75°,62.77°,64.67°,64.88°,64.44°,61.82°,57.53°,54.29°,52.3°,50.43°,48.64°,47.97°,46.67°
2012-12-22,45.79°,45.28°,44.87°,44.19°,44.04°,43.88°,44.06°,43.67°,44.66°,50.69°,55.24°,58.33°,60.17°,61.45°,60.82°,59.51°,58.2°,56.75°,55.91°,55.16°,54.66°,53.92°,53.28°,53.53°
2012-12-23,53.2°,53.21°,52.88°,52.78°,52.52°,52.09°,51.88°,51.92°,52.44°,54.49°,56.43°,57.95°,60.13°,61.05°,60.69°,59.84°,58.97°,57.19°,56.48°,55.79°,55.48°,55.51°,55.45°,54.98°
2012-12-24,54.71°,54.45°,53.55°,53.37°,53.08°,53.04°,53.22°,53.22°,53.66°,54.33°,55.36°,56.88°,58.03°,59.93°,61.41°,61.41°,61.85°,58.14°,56.18°,54.71°,53.59°,52.84°,51.77°,51.55°
2012-12-25,50.64°,50.52°,50.92°,50.64°,50.36°,49.8°,49.91°,50.23°,50.91°,52.37°,55.35°,57.36°,59.4°,59.64°,60.03°,60.22°,58.98°,56.67°,54.57°,52.46°,51.66°,50.46°,50.05°,49.8°
2012-12-26,49.05°,50.18°,50.77°,50.48°,50°,50.21°,50.82°,50.89°,50.99°,52.08°,54.29°,56.42°,58.03°,59.75°,60.78°,60.7°,58.7°,56.58°,54.14°,53°,51.96°,51.15°,50.28°,49.6°
2012-12-27,49.01°,47.91°,47.5°,47.51°,47.55°,46.69°,46.09°,45.59°,47.75°,51.3°,54.01°,56.72°,59.21°,60.5°,60.88°,60.61°,59.47°,56.09°,53.73°,52.26°,51.33°,50.13°,48.81°,47.53°
2012-12-28,46.8°,46.25°,45.65°,44.87°,44.35°,43.56°,43.17°,43.05°,45.22°,50.55°,54.94°,57.93°,60.23°,61.62°,61.86°,60.64°,59.84°,56.72°,53.65°,52.35°,51.68°,51.36°,49.81°,48.69°
2012-12-29,47.35°,46.39°,45.74°,45.45°,44.51°,44.08°,44.07°,44.99°,46.62°,46.23°,45.75°,46.05°,47.43°,49.25°,50.51°,51.05°,51.09°,50.24°,49.11°,47.91°,46.67°,45.49°,44.65°,43.97°
2012-12-30,43°,42.55°,42.93°,42.09°,41.24°,41.16°,40.48°,40.31°,42.04°,46.47°,50.88°,53.27°,54.6°,54.61°,54.66°,53.23°,52.67°,51.04°,48.98°,47.73°,47.12°,46.44°,45.59°,44.95°
2012-12-31,44.59°,44.45°,44.26°,43.08°,41.97°,41.27°,40.93°,40.86°,43.32°,47.55°,51.95°,54.32°,56.09°,57.76°,57.89°,58.14°,57.08°,54.08°,50.91°,48.87°,47.49°,46.43°,45.74°,45.35°
